year,zip_code,housing_units_count,owner_occupied_housing_units_count,renter_occupied_housing_units_count
2011,90001,12853.0,4749.0,8104.0
2011,90002,11152.0,4528.0,6624.0
2011,90003,16151.0,5117.0,11034.0
2011,90004,23128.0,4265.0,18863.0
2011,90005,15775.0,1298.0,14477.0
2011,90006,18107.0,1655.0,16452.0
2011,90007,11273.0,1296.0,9977.0
2011,90008,14618.0,4834.0,9784.0
2011,90010,1683.0,424.0,1259.0
2011,90011,22258.0,6357.0,15901.0
2011,90012,9277.0,1206.0,8071.0
2011,90013,4310.0,507.0,3803.0
2011,90014,3715.0,186.0,3529.0
2011,90015,6764.0,827.0,5937.0
2011,90016,16713.0,5978.0,10735.0
2011,90017,8620.0,237.0,8383.0
2011,90018,15417.0,4572.0,10845.0
2011,90019,23689.0,6163.0,17526.0
2011,90020,16902.0,1622.0,15280.0
2011,90021,1485.0,115.0,1370.0
2011,90023,10705.0,2809.0,7896.0
2011,90024,17322.0,6004.0,11318.0
2011,90025,20828.0,5281.0,15547.0
2011,90026,25276.0,5686.0,19590.0
2011,90027,21702.0,4512.0,17190.0
2011,90028,14663.0,622.0,14041.0
2011,90029,13906.0,1346.0,12560.0
2011,90031,10951.0,3373.0,7578.0
2011,90032,13042.0,6299.0,6743.0
2011,90033,12662.0,2341.0,10321.0
2011,90034,26172.0,5040.0,21132.0
2011,90035,13229.0,4459.0,8770.0
2011,90036,18297.0,2761.0,15536.0
2011,90037,16281.0,3862.0,12419.0
2011,90038,12212.0,976.0,11236.0
2011,90039,11911.0,4960.0,6951.0
2011,90041,9401.0,4849.0,4552.0
2011,90042,20429.0,8952.0,11477.0
2011,90043,16319.0,8303.0,8016.0
2011,90044,25879.0,8357.0,17522.0
2011,90045,15302.0,8203.0,7099.0
2011,90046,28637.0,6400.0,22237.0
2011,90047,16494.0,9099.0,7395.0
2011,90048,11462.0,3364.0,8098.0
2011,90049,16800.0,9284.0,7516.0
2011,90056,3623.0,2284.0,1339.0
2011,90057,15545.0,611.0,14934.0
2011,90058,1094.0,116.0,978.0
2011,90059,9891.0,4079.0,5812.0
2011,90061,7215.0,3033.0,4182.0
2011,90062,9132.0,4103.0,5029.0
2011,90063,13088.0,4963.0,8125.0
2011,90064,10576.0,5839.0,4737.0
2011,90065,14646.0,7345.0,7301.0
2011,90066,24137.0,9742.0,14395.0
2011,90067,1462.0,1148.0,314.0
2011,90068,12430.0,5588.0,6842.0
2011,90069,13334.0,5577.0,7757.0
2011,90071,0.0,0.0,0.0
2011,90073,0.0,0.0,0.0
2011,90077,3329.0,3062.0,267.0
2011,90079,0.0,0.0,0.0
2011,90089,42.0,0.0,42.0
2011,90090,0.0,0.0,0.0
2011,90094,2636.0,1261.0,1375.0
2011,90095,0.0,0.0,0.0
2011,90210,8498.0,6211.0,2287.0
2011,90211,3510.0,1137.0,2373.0
2011,90212,5386.0,1416.0,3970.0
2011,90230,13186.0,7838.0,5348.0
2011,90232,6365.0,2395.0,3970.0
2011,90245,7094.0,3026.0,4068.0
2011,90247,16348.0,6384.0,9964.0
2011,90248,3596.0,2615.0,981.0
2011,90250,31204.0,9535.0,21669.0
2011,90262,15218.0,7335.0,7883.0
2011,90265,7022.0,5183.0,1839.0
2011,90272,8921.0,7386.0,1535.0
2011,90275,15143.0,12233.0,2910.0
2011,90280,23718.0,10503.0,13215.0
2011,90290,2604.0,2087.0,517.0
2011,90291,13959.0,4877.0,9082.0
2011,90292,12573.0,4025.0,8548.0
2011,90293,6934.0,3415.0,3519.0
2011,90301,12324.0,3056.0,9268.0
2011,90302,11032.0,3295.0,7737.0
2011,90304,6628.0,2296.0,4332.0
2011,90305,5851.0,3910.0,1941.0
2011,90402,5620.0,3847.0,1773.0
2011,90403,13948.0,3181.0,10767.0
2011,90404,9836.0,1929.0,7907.0
2011,90405,14296.0,4745.0,9551.0
2011,90501,14235.0,6541.0,7694.0
2011,90502,5569.0,3682.0,1887.0
2011,90504,11426.0,7023.0,4403.0
2011,90710,9079.0,5327.0,3752.0
2011,90717,8218.0,3644.0,4574.0
2011,90731,22036.0,7011.0,15025.0
2011,90732,8171.0,6209.0,1962.0
2011,90744,13977.0,5435.0,8542.0
2011,90745,14832.0,10422.0,4410.0
2011,90802,19486.0,4267.0,15219.0
2011,90810,9680.0,5169.0,4511.0
2011,90813,16126.0,2606.0,13520.0
2011,91011,6735.0,6158.0,577.0
2011,91030,10318.0,4953.0,5365.0
2011,91040,7163.0,5141.0,2022.0
2011,91042,9758.0,5568.0,4190.0
2011,91105,4937.0,3573.0,1364.0
2011,91201,8386.0,2787.0,5599.0
2011,91204,5758.0,838.0,4920.0
2011,91205,14017.0,2682.0,11335.0
2011,91206,12868.0,5142.0,7726.0
2011,91214,10471.0,7828.0,2643.0
2011,91302,9177.0,7138.0,2039.0
2011,91303,8508.0,2316.0,6192.0
2011,91304,16588.0,9000.0,7588.0
2011,91306,14096.0,8362.0,5734.0
2011,91307,8189.0,7068.0,1121.0
2011,91311,13452.0,9376.0,4076.0
2011,91316,11897.0,6219.0,5678.0
2011,91321,10955.0,6685.0,4270.0
2011,91324,8810.0,4710.0,4100.0
2011,91325,11837.0,5741.0,6096.0
2011,91326,11690.0,9204.0,2486.0
2011,91330,26.0,0.0,26.0
2011,91331,21365.0,12658.0,8707.0
2011,91335,22485.0,11297.0,11188.0
2011,91340,8523.0,4763.0,3760.0
2011,91342,23267.0,16842.0,6425.0
2011,91343,16833.0,9367.0,7466.0
2011,91344,16930.0,12775.0,4155.0
2011,91345,5353.0,3928.0,1425.0
2011,91352,12255.0,6705.0,5550.0
2011,91356,11400.0,6715.0,4685.0
2011,91364,9958.0,7471.0,2487.0
2011,91367,16291.0,9987.0,6304.0
2011,91371,0.0,0.0,0.0
2011,91401,14421.0,5035.0,9386.0
2011,91402,18378.0,6424.0,11954.0
2011,91403,11367.0,5088.0,6279.0
2011,91405,16713.0,4719.0,11994.0
2011,91406,17168.0,7958.0,9210.0
2011,91411,9083.0,2387.0,6696.0
2011,91423,14609.0,6180.0,8429.0
2011,91436,5470.0,4505.0,965.0
2011,91501,8195.0,2780.0,5415.0
2011,91504,9226.0,4987.0,4239.0
2011,91505,12592.0,6147.0,6445.0
2011,91506,7400.0,4437.0,2963.0
2011,91601,15463.0,2782.0,12681.0
2011,91602,8969.0,3003.0,5966.0
2011,91604,13655.0,6647.0,7008.0
2011,91605,15134.0,6043.0,9091.0
2011,91606,15424.0,5128.0,10296.0
2011,91607,13086.0,4527.0,8559.0
2011,91608,0.0,0.0,0.0
2011,91754,10825.0,5942.0,4883.0
2011,91801,19024.0,6885.0,12139.0
2011,91803,9808.0,5093.0,4715.0
2012,90001,12832.0,4604.0,8228.0
2012,90002,11617.0,4539.0,7078.0
2012,90003,16399.0,5259.0,11140.0
2012,90004,23101.0,4124.0,18977.0
2012,90005,15224.0,1297.0,13927.0
2012,90006,18404.0,1528.0,16876.0
2012,90007,11361.0,1379.0,9982.0
2012,90008,14085.0,4865.0,9220.0
2012,90010,2109.0,421.0,1688.0
2012,90011,21919.0,6210.0,15709.0
2012,90012,9451.0,1235.0,8216.0
2012,90013,5030.0,638.0,4392.0
2012,90014,3972.0,378.0,3594.0
2012,90015,6957.0,866.0,6091.0
2012,90016,17051.0,5959.0,11092.0
2012,90017,9135.0,295.0,8840.0
2012,90018,15300.0,4481.0,10819.0
2012,90019,23964.0,6243.0,17721.0
2012,90020,16808.0,1564.0,15244.0
2012,90021,1492.0,125.0,1367.0
2012,90023,10814.0,2714.0,8100.0
2012,90024,17520.0,5677.0,11843.0
2012,90025,20954.0,5373.0,15581.0
2012,90026,25295.0,5422.0,19873.0
2012,90027,21691.0,4666.0,17025.0
2012,90028,14959.0,687.0,14272.0
2012,90029,13961.0,1228.0,12733.0
2012,90031,11136.0,3273.0,7863.0
2012,90032,12921.0,6411.0,6510.0
2012,90033,12753.0,2306.0,10447.0
2012,90034,25877.0,5175.0,20702.0
2012,90035,13271.0,4406.0,8865.0
2012,90036,18334.0,2702.0,15632.0
2012,90037,16366.0,4030.0,12336.0
2012,90038,12252.0,948.0,11304.0
2012,90039,11804.0,4811.0,6993.0
2012,90041,9497.0,4830.0,4667.0
2012,90042,19798.0,8823.0,10975.0
2012,90043,16318.0,8129.0,8189.0
2012,90044,25526.0,8182.0,17344.0
2012,90045,15312.0,8249.0,7063.0
2012,90046,28793.0,6173.0,22620.0
2012,90047,16459.0,9190.0,7269.0
2012,90048,11284.0,3478.0,7806.0
2012,90049,16643.0,9254.0,7389.0
2012,90056,3769.0,2355.0,1414.0
2012,90057,15764.0,625.0,15139.0
2012,90058,973.0,106.0,867.0
2012,90059,9563.0,4100.0,5463.0
2012,90061,7173.0,2869.0,4304.0
2012,90062,9145.0,3957.0,5188.0
2012,90063,13245.0,4945.0,8300.0
2012,90064,10574.0,5829.0,4745.0
2012,90065,14652.0,7360.0,7292.0
2012,90066,24110.0,9544.0,14566.0
2012,90067,1470.0,1111.0,359.0
2012,90068,12514.0,5449.0,7065.0
2012,90069,13369.0,5037.0,8332.0
2012,90071,0.0,0.0,0.0
2012,90073,0.0,0.0,0.0
2012,90077,3195.0,2865.0,330.0
2012,90079,0.0,0.0,0.0
2012,90089,33.0,0.0,33.0
2012,90090,0.0,0.0,0.0
2012,90094,2797.0,1311.0,1486.0
2012,90095,0.0,0.0,0.0
2012,90210,8486.0,6215.0,2271.0
2012,90211,3569.0,989.0,2580.0
2012,90212,5506.0,1531.0,3975.0
2012,90230,13354.0,7736.0,5618.0
2012,90232,6347.0,2463.0,3884.0
2012,90245,6956.0,2859.0,4097.0
2012,90247,16256.0,6423.0,9833.0
2012,90248,3410.0,2590.0,820.0
2012,90250,31533.0,9702.0,21831.0
2012,90262,15229.0,7160.0,8069.0
2012,90265,6935.0,5042.0,1893.0
2012,90272,8906.0,7179.0,1727.0
2012,90275,15178.0,12461.0,2717.0
2012,90280,23925.0,11040.0,12885.0
2012,90290,2468.0,1982.0,486.0
2012,90291,14003.0,4814.0,9189.0
2012,90292,12523.0,4037.0,8486.0
2012,90293,6705.0,3066.0,3639.0
2012,90301,12245.0,2869.0,9376.0
2012,90302,10925.0,3126.0,7799.0
2012,90304,6658.0,2284.0,4374.0
2012,90305,5923.0,3843.0,2080.0
2012,90402,5544.0,3866.0,1678.0
2012,90403,13686.0,3312.0,10374.0
2012,90404,9678.0,2074.0,7604.0
2012,90405,14097.0,4630.0,9467.0
2012,90501,14312.0,6548.0,7764.0
2012,90502,5556.0,3809.0,1747.0
2012,90504,11400.0,7065.0,4335.0
2012,90710,9039.0,5378.0,3661.0
2012,90717,8319.0,3671.0,4648.0
2012,90731,22009.0,6911.0,15098.0
2012,90732,8347.0,5930.0,2417.0
2012,90744,13934.0,5657.0,8277.0
2012,90745,14827.0,10324.0,4503.0
2012,90802,19776.0,4142.0,15634.0
2012,90810,9425.0,5082.0,4343.0
2012,90813,16304.0,2511.0,13793.0
2012,91011,6786.0,6171.0,615.0
2012,91030,10354.0,4894.0,5460.0
2012,91040,7044.0,5026.0,2018.0
2012,91042,9962.0,5359.0,4603.0
2012,91105,5107.0,3562.0,1545.0
2012,91201,8309.0,2752.0,5557.0
2012,91204,5732.0,781.0,4951.0
2012,91205,13885.0,2677.0,11208.0
2012,91206,12678.0,5063.0,7615.0
2012,91214,10493.0,7819.0,2674.0
2012,91302,8957.0,6925.0,2032.0
2012,91303,8664.0,2288.0,6376.0
2012,91304,16794.0,9217.0,7577.0
2012,91306,14035.0,8462.0,5573.0
2012,91307,8402.0,7174.0,1228.0
2012,91311,13406.0,9405.0,4001.0
2012,91316,12039.0,6417.0,5622.0
2012,91321,11029.0,6280.0,4749.0
2012,91324,8852.0,4746.0,4106.0
2012,91325,11893.0,5866.0,6027.0
2012,91326,11996.0,9047.0,2949.0
2012,91330,13.0,0.0,13.0
2012,91331,21402.0,12570.0,8832.0
2012,91335,22325.0,11023.0,11302.0
2012,91340,8453.0,4773.0,3680.0
2012,91342,23208.0,16179.0,7029.0
2012,91343,16799.0,9208.0,7591.0
2012,91344,16929.0,12604.0,4325.0
2012,91345,5313.0,3764.0,1549.0
2012,91352,12107.0,6320.0,5787.0
2012,91356,11294.0,6513.0,4781.0
2012,91364,10123.0,7583.0,2540.0
2012,91367,16712.0,9788.0,6924.0
2012,91371,0.0,0.0,0.0
2012,91401,14567.0,5108.0,9459.0
2012,91402,18277.0,6375.0,11902.0
2012,91403,11253.0,5263.0,5990.0
2012,91405,16716.0,4627.0,12089.0
2012,91406,17506.0,7807.0,9699.0
2012,91411,9266.0,2410.0,6856.0
2012,91423,14559.0,6012.0,8547.0
2012,91436,5632.0,4609.0,1023.0
2012,91501,7925.0,2748.0,5177.0
2012,91504,9286.0,5032.0,4254.0
2012,91505,12711.0,6288.0,6423.0
2012,91506,7412.0,4335.0,3077.0
2012,91601,15859.0,2756.0,13103.0
2012,91602,8902.0,3076.0,5826.0
2012,91604,13894.0,6730.0,7164.0
2012,91605,15264.0,6164.0,9100.0
2012,91606,15526.0,5224.0,10302.0
2012,91607,12929.0,4438.0,8491.0
2012,91608,0.0,0.0,0.0
2012,91754,10468.0,5636.0,4832.0
2012,91801,19267.0,6901.0,12366.0
2012,91803,9839.0,5111.0,4728.0
2013,90001,12945.0,4545.0,8400.0
2013,90002,11670.0,4185.0,7485.0
2013,90003,15989.0,4939.0,11050.0
2013,90004,22861.0,3775.0,19086.0
2013,90005,15338.0,1147.0,14191.0
2013,90006,18722.0,1448.0,17274.0
2013,90007,11385.0,1419.0,9966.0
2013,90008,14035.0,4732.0,9303.0
2013,90010,2331.0,452.0,1879.0
2013,90011,22000.0,6004.0,15996.0
2013,90012,9765.0,1282.0,8483.0
2013,90013,5745.0,731.0,5014.0
2013,90014,4088.0,403.0,3685.0
2013,90015,7180.0,864.0,6316.0
2013,90016,17060.0,6223.0,10837.0
2013,90017,9463.0,312.0,9151.0
2013,90018,15466.0,4705.0,10761.0
2013,90019,23812.0,6488.0,17324.0
2013,90020,16468.0,1491.0,14977.0
2013,90021,1663.0,136.0,1527.0
2013,90023,10802.0,2849.0,7953.0
2013,90024,17423.0,5412.0,12011.0
2013,90025,21197.0,5306.0,15891.0
2013,90026,25277.0,5233.0,20044.0
2013,90027,21670.0,4615.0,17055.0
2013,90028,14964.0,807.0,14157.0
2013,90029,14046.0,1379.0,12667.0
2013,90031,11258.0,3598.0,7660.0
2013,90032,12898.0,6339.0,6559.0
2013,90033,12812.0,2138.0,10674.0
2013,90034,25585.0,4969.0,20616.0
2013,90035,13353.0,4364.0,8989.0
2013,90036,18284.0,2629.0,15655.0
2013,90037,16187.0,4227.0,11960.0
2013,90038,12050.0,948.0,11102.0
2013,90039,11649.0,4868.0,6781.0
2013,90041,9404.0,4814.0,4590.0
2013,90042,19551.0,8583.0,10968.0
2013,90043,16271.0,8167.0,8104.0
2013,90044,25671.0,7928.0,17743.0
2013,90045,15262.0,8179.0,7083.0
2013,90046,28728.0,6177.0,22551.0
2013,90047,16217.0,8835.0,7382.0
2013,90048,11414.0,3589.0,7825.0
2013,90049,16559.0,9168.0,7391.0
2013,90056,3613.0,2321.0,1292.0
2013,90057,15800.0,640.0,15160.0
2013,90058,905.0,110.0,795.0
2013,90059,9557.0,4039.0,5518.0
2013,90061,7191.0,2895.0,4296.0
2013,90062,9283.0,3857.0,5426.0
2013,90063,13435.0,4769.0,8666.0
2013,90064,10719.0,5959.0,4760.0
2013,90065,14598.0,7241.0,7357.0
2013,90066,24480.0,9405.0,15075.0
2013,90067,1425.0,1064.0,361.0
2013,90068,12338.0,5415.0,6923.0
2013,90069,13152.0,4841.0,8311.0
2013,90071,0.0,0.0,0.0
2013,90073,0.0,0.0,0.0
2013,90077,3299.0,2900.0,399.0
2013,90079,0.0,0.0,0.0
2013,90089,18.0,0.0,18.0
2013,90090,0.0,0.0,0.0
2013,90094,2890.0,1387.0,1503.0
2013,90095,0.0,0.0,0.0
2013,90210,8310.0,6063.0,2247.0
2013,90211,3503.0,921.0,2582.0
2013,90212,5619.0,1738.0,3881.0
2013,90230,13086.0,7352.0,5734.0
2013,90232,6310.0,2450.0,3860.0
2013,90245,6745.0,2811.0,3934.0
2013,90247,16201.0,6509.0,9692.0
2013,90248,3398.0,2474.0,924.0
2013,90250,31396.0,9671.0,21725.0
2013,90262,15273.0,7060.0,8213.0
2013,90265,6885.0,5155.0,1730.0
2013,90272,8997.0,7253.0,1744.0
2013,90275,15450.0,12701.0,2749.0
2013,90280,23616.0,11247.0,12369.0
2013,90290,2476.0,1998.0,478.0
2013,90291,14028.0,4697.0,9331.0
2013,90292,12168.0,3605.0,8563.0
2013,90293,6700.0,3208.0,3492.0
2013,90301,12169.0,2833.0,9336.0
2013,90302,10948.0,3286.0,7662.0
2013,90304,6739.0,2226.0,4513.0
2013,90305,5790.0,3823.0,1967.0
2013,90402,5390.0,3617.0,1773.0
2013,90403,13877.0,3116.0,10761.0
2013,90404,9729.0,2055.0,7674.0
2013,90405,14100.0,4488.0,9612.0
2013,90501,14361.0,6446.0,7915.0
2013,90502,5647.0,3956.0,1691.0
2013,90504,11423.0,7123.0,4300.0
2013,90710,8909.0,5250.0,3659.0
2013,90717,8404.0,3624.0,4780.0
2013,90731,22185.0,7315.0,14870.0
2013,90732,8346.0,5735.0,2611.0
2013,90744,13912.0,5715.0,8197.0
2013,90745,14945.0,10400.0,4545.0
2013,90802,20190.0,4395.0,15795.0
2013,90810,9431.0,5237.0,4194.0
2013,90813,16500.0,2567.0,13933.0
2013,91011,6685.0,5959.0,726.0
2013,91030,10222.0,4779.0,5443.0
2013,91040,7026.0,4933.0,2093.0
2013,91042,10064.0,5394.0,4670.0
2013,91105,5452.0,3517.0,1935.0
2013,91201,8313.0,2792.0,5521.0
2013,91204,5740.0,738.0,5002.0
2013,91205,13989.0,2331.0,11658.0
2013,91206,12758.0,4750.0,8008.0
2013,91214,10548.0,7769.0,2779.0
2013,91302,9122.0,6884.0,2238.0
2013,91303,8917.0,2329.0,6588.0
2013,91304,16809.0,8848.0,7961.0
2013,91306,14055.0,8151.0,5904.0
2013,91307,8516.0,7226.0,1290.0
2013,91311,13515.0,9411.0,4104.0
2013,91316,12254.0,6433.0,5821.0
2013,91321,11129.0,6216.0,4913.0
2013,91324,9012.0,4711.0,4301.0
2013,91325,11888.0,5653.0,6235.0
2013,91326,12113.0,8838.0,3275.0
2013,91330,13.0,0.0,13.0
2013,91331,21793.0,12706.0,9087.0
2013,91335,22777.0,11324.0,11453.0
2013,91340,8425.0,4793.0,3632.0
2013,91342,23337.0,16152.0,7185.0
2013,91343,16909.0,9102.0,7807.0
2013,91344,16849.0,12709.0,4140.0
2013,91345,5261.0,3709.0,1552.0
2013,91352,12323.0,6420.0,5903.0
2013,91356,11298.0,6306.0,4992.0
2013,91364,10104.0,7419.0,2685.0
2013,91367,16718.0,9487.0,7231.0
2013,91371,0.0,0.0,0.0
2013,91401,14450.0,5025.0,9425.0
2013,91402,18408.0,6582.0,11826.0
2013,91403,11317.0,5340.0,5977.0
2013,91405,16704.0,4672.0,12032.0
2013,91406,17366.0,7575.0,9791.0
2013,91411,9291.0,2628.0,6663.0
2013,91423,14690.0,6047.0,8643.0
2013,91436,5593.0,4409.0,1184.0
2013,91501,7828.0,2469.0,5359.0
2013,91504,9249.0,4890.0,4359.0
2013,91505,13059.0,6263.0,6796.0
2013,91506,7170.0,4099.0,3071.0
2013,91601,16063.0,2856.0,13207.0
2013,91602,9171.0,3187.0,5984.0
2013,91604,13873.0,6856.0,7017.0
2013,91605,15491.0,6018.0,9473.0
2013,91606,15182.0,5027.0,10155.0
2013,91607,13089.0,4331.0,8758.0
2013,91608,0.0,0.0,0.0
2013,91754,10512.0,5848.0,4664.0
2013,91801,19455.0,7035.0,12420.0
2013,91803,9894.0,4905.0,4989.0
2014,90001,13325.0,4626.0,8699.0
2014,90002,11888.0,4521.0,7367.0
2014,90003,15891.0,4799.0,11092.0
2014,90004,22765.0,3678.0,19087.0
2014,90005,15408.0,1173.0,14235.0
2014,90006,19026.0,1341.0,17685.0
2014,90007,11617.0,1394.0,10223.0
2014,90008,14281.0,4890.0,9391.0
2014,90010,2170.0,406.0,1764.0
2014,90011,22242.0,5879.0,16363.0
2014,90012,10101.0,1337.0,8764.0
2014,90013,5872.0,827.0,5045.0
2014,90014,4677.0,382.0,4295.0
2014,90015,7264.0,1032.0,6232.0
2014,90016,17048.0,6092.0,10956.0
2014,90017,9577.0,293.0,9284.0
2014,90018,15569.0,4666.0,10903.0
2014,90019,24161.0,6506.0,17655.0
2014,90020,16374.0,1586.0,14788.0
2014,90021,1680.0,125.0,1555.0
2014,90023,10860.0,3002.0,7858.0
2014,90024,17261.0,5257.0,12004.0
2014,90025,21577.0,5341.0,16236.0
2014,90026,25139.0,5609.0,19530.0
2014,90027,21485.0,4391.0,17094.0
2014,90028,15621.0,782.0,14839.0
2014,90029,14129.0,1257.0,12872.0
2014,90031,11286.0,3620.0,7666.0
2014,90032,13035.0,6379.0,6656.0
2014,90033,12967.0,2183.0,10784.0
2014,90034,25836.0,4835.0,21001.0
2014,90035,13367.0,4427.0,8940.0
2014,90036,18450.0,2806.0,15644.0
2014,90037,16334.0,4013.0,12321.0
2014,90038,11935.0,1082.0,10853.0
2014,90039,11547.0,4686.0,6861.0
2014,90041,9492.0,5033.0,4459.0
2014,90042,19637.0,8529.0,11108.0
2014,90043,16328.0,8213.0,8115.0
2014,90044,26156.0,7884.0,18272.0
2014,90045,15720.0,8350.0,7370.0
2014,90046,28716.0,6263.0,22453.0
2014,90047,16164.0,8871.0,7293.0
2014,90048,11757.0,3606.0,8151.0
2014,90049,16252.0,8796.0,7456.0
2014,90056,3551.0,2333.0,1218.0
2014,90057,15884.0,599.0,15285.0
2014,90058,839.0,53.0,786.0
2014,90059,9429.0,3923.0,5506.0
2014,90061,7403.0,2981.0,4422.0
2014,90062,9319.0,3648.0,5671.0
2014,90063,13483.0,4898.0,8585.0
2014,90064,10679.0,6023.0,4656.0
2014,90065,14769.0,7110.0,7659.0
2014,90066,24213.0,9279.0,14934.0
2014,90067,1474.0,1075.0,399.0
2014,90068,12056.0,5358.0,6698.0
2014,90069,12884.0,4934.0,7950.0
2014,90071,0.0,0.0,0.0
2014,90073,0.0,0.0,0.0
2014,90077,3280.0,2829.0,451.0
2014,90079,0.0,0.0,0.0
2014,90089,15.0,0.0,15.0
2014,90090,0.0,0.0,0.0
2014,90094,2957.0,1341.0,1616.0
2014,90095,0.0,0.0,0.0
2014,90210,8373.0,5920.0,2453.0
2014,90211,3614.0,1065.0,2549.0
2014,90212,5632.0,1652.0,3980.0
2014,90230,12980.0,7142.0,5838.0
2014,90232,6289.0,2545.0,3744.0
2014,90245,6629.0,2813.0,3816.0
2014,90247,15930.0,6554.0,9376.0
2014,90248,3411.0,2493.0,918.0
2014,90250,31915.0,9399.0,22516.0
2014,90262,15183.0,6723.0,8460.0
2014,90265,7031.0,5109.0,1922.0
2014,90272,9169.0,7386.0,1783.0
2014,90275,15898.0,12687.0,3211.0
2014,90280,23386.0,11007.0,12379.0
2014,90290,2452.0,1991.0,461.0
2014,90291,14097.0,4796.0,9301.0
2014,90292,12206.0,3483.0,8723.0
2014,90293,6532.0,3038.0,3494.0
2014,90301,12043.0,2764.0,9279.0
2014,90302,10783.0,3168.0,7615.0
2014,90304,6570.0,2074.0,4496.0
2014,90305,5837.0,3924.0,1913.0
2014,90402,5108.0,3389.0,1719.0
2014,90403,13939.0,3123.0,10816.0
2014,90404,9941.0,2166.0,7775.0
2014,90405,14029.0,4494.0,9535.0
2014,90501,14192.0,6373.0,7819.0
2014,90502,5732.0,3800.0,1932.0
2014,90504,11388.0,6969.0,4419.0
2014,90710,8940.0,5100.0,3840.0
2014,90717,8410.0,3426.0,4984.0
2014,90731,22140.0,7093.0,15047.0
2014,90732,8191.0,5617.0,2574.0
2014,90744,14116.0,5701.0,8415.0
2014,90745,14768.0,10096.0,4672.0
2014,90802,20221.0,4456.0,15765.0
2014,90810,9264.0,5098.0,4166.0
2014,90813,16558.0,2312.0,14246.0
2014,91011,6709.0,5915.0,794.0
2014,91030,10394.0,4518.0,5876.0
2014,91040,7057.0,4974.0,2083.0
2014,91042,10019.0,5388.0,4631.0
2014,91105,5320.0,3209.0,2111.0
2014,91201,8241.0,2750.0,5491.0
2014,91204,5705.0,722.0,4983.0
2014,91205,14143.0,2208.0,11935.0
2014,91206,12834.0,4479.0,8355.0
2014,91214,10484.0,7761.0,2723.0
2014,91302,9215.0,6752.0,2463.0
2014,91303,9209.0,2398.0,6811.0
2014,91304,16953.0,8776.0,8177.0
2014,91306,14220.0,8116.0,6104.0
2014,91307,8464.0,7164.0,1300.0
2014,91311,13508.0,9386.0,4122.0
2014,91316,12300.0,6598.0,5702.0
2014,91321,11022.0,6116.0,4906.0
2014,91324,9503.0,4947.0,4556.0
2014,91325,11695.0,5350.0,6345.0
2014,91326,12173.0,8692.0,3481.0
2014,91330,0.0,0.0,0.0
2014,91331,22307.0,13081.0,9226.0
2014,91335,23152.0,11483.0,11669.0
2014,91340,8273.0,4796.0,3477.0
2014,91342,23787.0,16421.0,7366.0
2014,91343,16929.0,9218.0,7711.0
2014,91344,16885.0,12361.0,4524.0
2014,91345,5149.0,3628.0,1521.0
2014,91352,12335.0,6446.0,5889.0
2014,91356,11321.0,6177.0,5144.0
2014,91364,10239.0,7204.0,3035.0
2014,91367,17284.0,9217.0,8067.0
2014,91371,0.0,0.0,0.0
2014,91401,14621.0,4973.0,9648.0
2014,91402,18499.0,6450.0,12049.0
2014,91403,11455.0,5326.0,6129.0
2014,91405,16748.0,4456.0,12292.0
2014,91406,17387.0,7339.0,10048.0
2014,91411,9423.0,2583.0,6840.0
2014,91423,14746.0,5867.0,8879.0
2014,91436,5528.0,4390.0,1138.0
2014,91501,7660.0,2384.0,5276.0
2014,91504,9276.0,4820.0,4456.0
2014,91505,13012.0,6024.0,6988.0
2014,91506,7316.0,4269.0,3047.0
2014,91601,16374.0,3142.0,13232.0
2014,91602,9224.0,3189.0,6035.0
2014,91604,13917.0,6649.0,7268.0
2014,91605,15495.0,6036.0,9459.0
2014,91606,15137.0,4800.0,10337.0
2014,91607,13322.0,4275.0,9047.0
2014,91608,0.0,0.0,0.0
2014,91754,10514.0,5721.0,4793.0
2014,91801,19270.0,6840.0,12430.0
2014,91803,9781.0,4742.0,5039.0
2015,90001,13438.0,4638.0,8800.0
2015,90002,12134.0,4480.0,7654.0
2015,90003,16287.0,5035.0,11252.0
2015,90004,22726.0,3724.0,19002.0
2015,90005,15823.0,1272.0,14551.0
2015,90006,19156.0,1436.0,17720.0
2015,90007,11707.0,1250.0,10457.0
2015,90008,14370.0,5012.0,9358.0
2015,90010,2180.0,398.0,1782.0
2015,90011,22734.0,5909.0,16825.0
2015,90012,10658.0,1363.0,9295.0
2015,90013,6592.0,733.0,5859.0
2015,90014,4656.0,386.0,4270.0
2015,90015,7683.0,1096.0,6587.0
2015,90016,17146.0,6247.0,10899.0
2015,90017,9981.0,346.0,9635.0
2015,90018,15929.0,4657.0,11272.0
2015,90019,24313.0,6578.0,17735.0
2015,90020,16425.0,1581.0,14844.0
2015,90021,1712.0,107.0,1605.0
2015,90023,11125.0,2975.0,8150.0
2015,90024,17146.0,5210.0,11936.0
2015,90025,21934.0,5402.0,16532.0
2015,90026,25139.0,5603.0,19536.0
2015,90027,21953.0,4442.0,17511.0
2015,90028,15873.0,852.0,15021.0
2015,90029,14169.0,1268.0,12901.0
2015,90031,11430.0,3628.0,7802.0
2015,90032,13111.0,6223.0,6888.0
2015,90033,13110.0,2265.0,10845.0
2015,90034,25769.0,4981.0,20788.0
2015,90035,13192.0,4284.0,8908.0
2015,90036,18602.0,2906.0,15696.0
2015,90037,16603.0,4060.0,12543.0
2015,90038,11781.0,1110.0,10671.0
2015,90039,11443.0,4942.0,6501.0
2015,90041,9591.0,5062.0,4529.0
2015,90042,19846.0,8610.0,11236.0
2015,90043,16631.0,8242.0,8389.0
2015,90044,26326.0,7743.0,18583.0
2015,90045,15740.0,8101.0,7639.0
2015,90046,29069.0,6356.0,22713.0
2015,90047,16604.0,9090.0,7514.0
2015,90048,11957.0,3459.0,8498.0
2015,90049,16259.0,8559.0,7700.0
2015,90056,3471.0,2268.0,1203.0
2015,90057,16149.0,644.0,15505.0
2015,90058,802.0,65.0,737.0
2015,90059,9933.0,4200.0,5733.0
2015,90061,7223.0,2796.0,4427.0
2015,90062,9440.0,3703.0,5737.0
2015,90063,13390.0,4892.0,8498.0
2015,90064,10771.0,6113.0,4658.0
2015,90065,14931.0,7290.0,7641.0
2015,90066,24434.0,9273.0,15161.0
2015,90067,1428.0,1073.0,355.0
2015,90068,11845.0,5441.0,6404.0
2015,90069,12551.0,4653.0,7898.0
2015,90071,0.0,0.0,0.0
2015,90073,0.0,0.0,0.0
2015,90077,3341.0,2790.0,551.0
2015,90079,0.0,0.0,0.0
2015,90089,5.0,0.0,5.0
2015,90090,0.0,0.0,0.0
2015,90094,3100.0,1266.0,1834.0
2015,90095,0.0,0.0,0.0
2015,90210,8398.0,5812.0,2586.0
2015,90211,3514.0,1052.0,2462.0
2015,90212,5716.0,1729.0,3987.0
2015,90230,12915.0,7137.0,5778.0
2015,90232,6388.0,2597.0,3791.0
2015,90245,6747.0,2766.0,3981.0
2015,90247,16053.0,6658.0,9395.0
2015,90248,3432.0,2531.0,901.0
2015,90250,31813.0,9723.0,22090.0
2015,90262,15134.0,6599.0,8535.0
2015,90265,7206.0,5166.0,2040.0
2015,90272,9185.0,7210.0,1975.0
2015,90275,15861.0,12743.0,3118.0
2015,90280,23398.0,10600.0,12798.0
2015,90290,2347.0,1853.0,494.0
2015,90291,13779.0,4499.0,9280.0
2015,90292,11963.0,3410.0,8553.0
2015,90293,6689.0,3154.0,3535.0
2015,90301,12150.0,2857.0,9293.0
2015,90302,10859.0,3003.0,7856.0
2015,90304,6535.0,2014.0,4521.0
2015,90305,5854.0,3907.0,1947.0
2015,90402,5165.0,3396.0,1769.0
2015,90403,13719.0,3060.0,10659.0
2015,90404,9808.0,2236.0,7572.0
2015,90405,14254.0,4485.0,9769.0
2015,90501,14218.0,6375.0,7843.0
2015,90502,5641.0,3865.0,1776.0
2015,90504,11465.0,6905.0,4560.0
2015,90710,8922.0,4968.0,3954.0
2015,90717,8536.0,3592.0,4944.0
2015,90731,22189.0,6951.0,15238.0
2015,90732,8431.0,5778.0,2653.0
2015,90744,14272.0,5718.0,8554.0
2015,90745,15126.0,10538.0,4588.0
2015,90802,20636.0,4586.0,16050.0
2015,90810,9179.0,5126.0,4053.0
2015,90813,16575.0,2044.0,14531.0
2015,91011,6604.0,5890.0,714.0
2015,91030,10260.0,4467.0,5793.0
2015,91040,7085.0,4915.0,2170.0
2015,91042,9977.0,5232.0,4745.0
2015,91105,5354.0,3122.0,2232.0
2015,91201,8183.0,2535.0,5648.0
2015,91204,5824.0,749.0,5075.0
2015,91205,14193.0,2074.0,12119.0
2015,91206,12925.0,4602.0,8323.0
2015,91214,10453.0,7722.0,2731.0
2015,91302,9135.0,6622.0,2513.0
2015,91303,9466.0,2368.0,7098.0
2015,91304,16999.0,8713.0,8286.0
2015,91306,14447.0,8201.0,6246.0
2015,91307,8581.0,7064.0,1517.0
2015,91311,13715.0,9350.0,4365.0
2015,91316,12335.0,6322.0,6013.0
2015,91321,10973.0,5884.0,5089.0
2015,91324,9552.0,5027.0,4525.0
2015,91325,11775.0,5406.0,6369.0
2015,91326,12357.0,8621.0,3736.0
2015,91330,0.0,0.0,0.0
2015,91331,22406.0,13105.0,9301.0
2015,91335,23433.0,11664.0,11769.0
2015,91340,8341.0,4549.0,3792.0
2015,91342,24189.0,16452.0,7737.0
2015,91343,17294.0,9190.0,8104.0
2015,91344,17049.0,12588.0,4461.0
2015,91345,5125.0,3597.0,1528.0
2015,91352,12270.0,6562.0,5708.0
2015,91356,11259.0,6177.0,5082.0
2015,91364,10243.0,7102.0,3141.0
2015,91367,17489.0,9320.0,8169.0
2015,91371,0.0,0.0,0.0
2015,91401,14904.0,5193.0,9711.0
2015,91402,18662.0,6304.0,12358.0
2015,91403,11336.0,5328.0,6008.0
2015,91405,16953.0,4464.0,12489.0
2015,91406,17749.0,7253.0,10496.0
2015,91411,9520.0,2701.0,6819.0
2015,91423,15184.0,5862.0,9322.0
2015,91436,5382.0,4336.0,1046.0
2015,91501,7760.0,2384.0,5376.0
2015,91504,9314.0,4859.0,4455.0
2015,91505,12978.0,5748.0,7230.0
2015,91506,7208.0,4069.0,3139.0
2015,91601,16615.0,3208.0,13407.0
2015,91602,9276.0,3161.0,6115.0
2015,91604,14297.0,6704.0,7593.0
2015,91605,15694.0,5979.0,9715.0
2015,91606,15197.0,4617.0,10580.0
2015,91607,13354.0,3996.0,9358.0
2015,91608,0.0,0.0,0.0
2015,91754,10669.0,5844.0,4825.0
2015,91801,19503.0,7274.0,12229.0
2015,91803,9641.0,4474.0,5167.0
2016,90001,13594.0,4640.0,8954.0
2016,90002,12543.0,4611.0,7932.0
2016,90003,16496.0,4724.0,11772.0
2016,90004,22431.0,3779.0,18652.0
2016,90005,16086.0,1282.0,14804.0
2016,90006,19474.0,1579.0,17895.0
2016,90007,11672.0,1328.0,10344.0
2016,90008,14590.0,4866.0,9724.0
2016,90010,2041.0,418.0,1623.0
2016,90011,23258.0,6035.0,17223.0
2016,90012,11344.0,1316.0,10028.0
2016,90013,6786.0,674.0,6112.0
2016,90014,4871.0,272.0,4599.0
2016,90015,8043.0,1129.0,6914.0
2016,90016,17213.0,6260.0,10953.0
2016,90017,10288.0,393.0,9895.0
2016,90018,16290.0,4880.0,11410.0
2016,90019,24599.0,6612.0,17987.0
2016,90020,16649.0,1576.0,15073.0
2016,90021,1728.0,78.0,1650.0
2016,90023,11239.0,3131.0,8108.0
2016,90024,17206.0,5042.0,12164.0
2016,90025,22097.0,5600.0,16497.0
2016,90026,25299.0,5681.0,19618.0
2016,90027,21996.0,4168.0,17828.0
2016,90028,16201.0,781.0,15420.0
2016,90029,14187.0,1317.0,12870.0
2016,90031,11651.0,3716.0,7935.0
2016,90032,13409.0,6439.0,6970.0
2016,90033,13170.0,2181.0,10989.0
2016,90034,25918.0,4915.0,21003.0
2016,90035,13140.0,4172.0,8968.0
2016,90036,18527.0,2900.0,15627.0
2016,90037,16798.0,4008.0,12790.0
2016,90038,11458.0,982.0,10476.0
2016,90039,11476.0,5001.0,6475.0
2016,90041,9434.0,5015.0,4419.0
2016,90042,20299.0,9003.0,11296.0
2016,90043,16825.0,8566.0,8259.0
2016,90044,27063.0,7915.0,19148.0
2016,90045,15561.0,8156.0,7405.0
2016,90046,29071.0,6286.0,22785.0
2016,90047,16852.0,9175.0,7677.0
2016,90048,11984.0,3508.0,8476.0
2016,90049,16367.0,8531.0,7836.0
2016,90056,3336.0,2298.0,1038.0
2016,90057,16484.0,599.0,15885.0
2016,90058,802.0,51.0,751.0
2016,90059,10371.0,4653.0,5718.0
2016,90061,7238.0,2899.0,4339.0
2016,90062,9550.0,3850.0,5700.0
2016,90063,13590.0,5064.0,8526.0
2016,90064,10947.0,6021.0,4926.0
2016,90065,14993.0,7171.0,7822.0
2016,90066,24745.0,9427.0,15318.0
2016,90067,1457.0,1118.0,339.0
2016,90068,11785.0,5576.0,6209.0
2016,90069,12548.0,4655.0,7893.0
2016,90071,0.0,0.0,0.0
2016,90073,0.0,0.0,0.0
2016,90077,3381.0,2818.0,563.0
2016,90079,0.0,0.0,0.0
2016,90089,6.0,0.0,6.0
2016,90090,0.0,0.0,0.0
2016,90094,3528.0,1535.0,1993.0
2016,90095,0.0,0.0,0.0
2016,90210,8138.0,5557.0,2581.0
2016,90211,3652.0,1162.0,2490.0
2016,90212,5784.0,1855.0,3929.0
2016,90230,13186.0,7001.0,6185.0
2016,90232,6416.0,2527.0,3889.0
2016,90245,6673.0,2929.0,3744.0
2016,90247,15922.0,6517.0,9405.0
2016,90248,3479.0,2526.0,953.0
2016,90250,31864.0,9737.0,22127.0
2016,90262,15296.0,6442.0,8854.0
2016,90265,7346.0,5288.0,2058.0
2016,90272,9103.0,7162.0,1941.0
2016,90275,15823.0,12643.0,3180.0
2016,90280,23465.0,10491.0,12974.0
2016,90290,2250.0,1828.0,422.0
2016,90291,13826.0,4606.0,9220.0
2016,90292,12179.0,3240.0,8939.0
2016,90293,6655.0,3118.0,3537.0
2016,90301,12068.0,2918.0,9150.0
2016,90302,10894.0,3014.0,7880.0
2016,90304,6549.0,1972.0,4577.0
2016,90305,5793.0,3805.0,1988.0
2016,90402,5029.0,3294.0,1735.0
2016,90403,13598.0,3064.0,10534.0
2016,90404,9726.0,2183.0,7543.0
2016,90405,14365.0,4705.0,9660.0
2016,90501,14391.0,6499.0,7892.0
2016,90502,5762.0,3823.0,1939.0
2016,90504,11491.0,6874.0,4617.0
2016,90710,9076.0,4977.0,4099.0
2016,90717,8459.0,3739.0,4720.0
2016,90731,22279.0,6887.0,15392.0
2016,90732,8567.0,5770.0,2797.0
2016,90744,14385.0,5749.0,8636.0
2016,90745,15095.0,10413.0,4682.0
2016,90802,20610.0,4258.0,16352.0
2016,90810,9132.0,5049.0,4083.0
2016,90813,16683.0,2152.0,14531.0
2016,91011,6682.0,5958.0,724.0
2016,91030,10150.0,4476.0,5674.0
2016,91040,7236.0,5031.0,2205.0
2016,91042,10008.0,5112.0,4896.0
2016,91105,5485.0,3044.0,2441.0
2016,91201,8247.0,2567.0,5680.0
2016,91204,6002.0,670.0,5332.0
2016,91205,14266.0,2148.0,12118.0
2016,91206,13005.0,4504.0,8501.0
2016,91214,10371.0,7797.0,2574.0
2016,91302,9331.0,6723.0,2608.0
2016,91303,9636.0,2388.0,7248.0
2016,91304,16992.0,8578.0,8414.0
2016,91306,14501.0,8398.0,6103.0
2016,91307,8674.0,7287.0,1387.0
2016,91311,13869.0,9342.0,4527.0
2016,91316,12299.0,6180.0,6119.0
2016,91321,11118.0,6007.0,5111.0
2016,91324,9835.0,5126.0,4709.0
2016,91325,11768.0,5380.0,6388.0
2016,91326,12285.0,8574.0,3711.0
2016,91330,0.0,0.0,0.0
2016,91331,22579.0,13435.0,9144.0
2016,91335,23927.0,11717.0,12210.0
2016,91340,8287.0,4691.0,3596.0
2016,91342,24457.0,16251.0,8206.0
2016,91343,17414.0,9173.0,8241.0
2016,91344,16907.0,12543.0,4364.0
2016,91345,5171.0,3741.0,1430.0
2016,91352,12242.0,6453.0,5789.0
2016,91356,11493.0,6410.0,5083.0
2016,91364,10415.0,7107.0,3308.0
2016,91367,17426.0,9083.0,8343.0
2016,91371,0.0,0.0,0.0
2016,91401,14835.0,4995.0,9840.0
2016,91402,18950.0,6446.0,12504.0
2016,91403,11355.0,5214.0,6141.0
2016,91405,17213.0,4268.0,12945.0
2016,91406,18094.0,7280.0,10814.0
2016,91411,9607.0,2621.0,6986.0
2016,91423,15246.0,5999.0,9247.0
2016,91436,5492.0,4460.0,1032.0
2016,91501,7598.0,2420.0,5178.0
2016,91504,9497.0,4964.0,4533.0
2016,91505,13051.0,5958.0,7093.0
2016,91506,7275.0,4068.0,3207.0
2016,91601,16972.0,3224.0,13748.0
2016,91602,9485.0,3311.0,6174.0
2016,91604,14334.0,6551.0,7783.0
2016,91605,15932.0,6093.0,9839.0
2016,91606,15328.0,4491.0,10837.0
2016,91607,13678.0,4022.0,9656.0
2016,91608,0.0,0.0,0.0
2016,91754,10828.0,5945.0,4883.0
2016,91801,19536.0,7159.0,12377.0
2016,91803,9566.0,4577.0,4989.0
2017,90001,13807.0,4887.0,8920.0
2017,90002,12694.0,4549.0,8145.0
2017,90003,16581.0,4703.0,11878.0
2017,90004,22140.0,3673.0,18467.0
2017,90005,16399.0,1332.0,15067.0
2017,90006,19486.0,1619.0,17867.0
2017,90007,11695.0,1411.0,10284.0
2017,90008,14937.0,4854.0,10083.0
2017,90010,1986.0,427.0,1559.0
2017,90011,23884.0,6110.0,17774.0
2017,90012,11971.0,1283.0,10688.0
2017,90013,7047.0,618.0,6429.0
2017,90014,5000.0,182.0,4818.0
2017,90015,8510.0,1109.0,7401.0
2017,90016,16954.0,6319.0,10635.0
2017,90017,10433.0,443.0,9990.0
2017,90018,16395.0,4952.0,11443.0
2017,90019,24426.0,6835.0,17591.0
2017,90020,16364.0,1539.0,14825.0
2017,90021,1966.0,163.0,1803.0
2017,90023,11583.0,3292.0,8291.0
2017,90024,16812.0,5049.0,11763.0
2017,90025,21959.0,5715.0,16244.0
2017,90026,25510.0,5777.0,19733.0
2017,90027,21907.0,4161.0,17746.0
2017,90028,16301.0,928.0,15373.0
2017,90029,14188.0,1375.0,12813.0
2017,90031,11720.0,3830.0,7890.0
2017,90032,13429.0,6507.0,6922.0
2017,90033,13165.0,2230.0,10935.0
2017,90034,25725.0,4907.0,20818.0
2017,90035,12704.0,4058.0,8646.0
2017,90036,18230.0,2993.0,15237.0
2017,90037,17007.0,4176.0,12831.0
2017,90038,11190.0,1052.0,10138.0
2017,90039,11523.0,4929.0,6594.0
2017,90041,9547.0,5119.0,4428.0
2017,90042,20527.0,9216.0,11311.0
2017,90043,16789.0,8858.0,7931.0
2017,90044,27804.0,8380.0,19424.0
2017,90045,15576.0,8169.0,7407.0
2017,90046,29180.0,6536.0,22644.0
2017,90047,16952.0,9204.0,7748.0
2017,90048,12184.0,3691.0,8493.0
2017,90049,16514.0,8466.0,8048.0
2017,90056,3480.0,2429.0,1051.0
2017,90057,16914.0,688.0,16226.0
2017,90058,795.0,100.0,695.0
2017,90059,10590.0,4723.0,5867.0
2017,90061,7307.0,2909.0,4398.0
2017,90062,9719.0,4138.0,5581.0
2017,90063,13591.0,5132.0,8459.0
2017,90064,10999.0,6019.0,4980.0
2017,90065,15167.0,7116.0,8051.0
2017,90066,24951.0,9516.0,15435.0
2017,90067,1342.0,1099.0,243.0
2017,90068,11703.0,5622.0,6081.0
2017,90069,12379.0,4755.0,7624.0
2017,90071,0.0,0.0,0.0
2017,90073,0.0,0.0,0.0
2017,90077,3370.0,2802.0,568.0
2017,90079,0.0,0.0,0.0
2017,90089,7.0,0.0,7.0
2017,90090,0.0,0.0,0.0
2017,90094,3874.0,1653.0,2221.0
2017,90095,0.0,0.0,0.0
2017,90210,7983.0,5543.0,2440.0
2017,90211,3755.0,1139.0,2616.0
2017,90212,5921.0,1836.0,4085.0
2017,90230,13088.0,7130.0,5958.0
2017,90232,6458.0,2448.0,4010.0
2017,90245,6638.0,2958.0,3680.0
2017,90247,15870.0,6448.0,9422.0
2017,90248,3642.0,2584.0,1058.0
2017,90250,32242.0,9714.0,22528.0
2017,90262,15327.0,6505.0,8822.0
2017,90265,7248.0,5407.0,1841.0
2017,90272,9094.0,7260.0,1834.0
2017,90275,15838.0,12611.0,3227.0
2017,90280,23557.0,10254.0,13303.0
2017,90290,2368.0,1842.0,526.0
2017,90291,13676.0,4519.0,9157.0
2017,90292,12354.0,3360.0,8994.0
2017,90293,6655.0,3258.0,3397.0
2017,90301,12096.0,3124.0,8972.0
2017,90302,10872.0,3035.0,7837.0
2017,90304,6443.0,1921.0,4522.0
2017,90305,5775.0,3880.0,1895.0
2017,90402,4967.0,3311.0,1656.0
2017,90403,13458.0,2994.0,10464.0
2017,90404,9938.0,2178.0,7760.0
2017,90405,14161.0,4808.0,9353.0
2017,90501,14267.0,6297.0,7970.0
2017,90502,5955.0,3979.0,1976.0
2017,90504,11456.0,6851.0,4605.0
2017,90710,9193.0,4938.0,4255.0
2017,90717,8470.0,3840.0,4630.0
2017,90731,22373.0,6895.0,15478.0
2017,90732,8610.0,5978.0,2632.0
2017,90744,14509.0,5557.0,8952.0
2017,90745,15103.0,10338.0,4765.0
2017,90802,20711.0,4478.0,16233.0
2017,90810,9294.0,5092.0,4202.0
2017,90813,16983.0,2115.0,14868.0
2017,91011,6590.0,5846.0,744.0
2017,91030,10231.0,4661.0,5570.0
2017,91040,7335.0,5221.0,2114.0
2017,91042,9822.0,5195.0,4627.0
2017,91105,5343.0,3015.0,2328.0
2017,91201,8238.0,2555.0,5683.0
2017,91204,6196.0,728.0,5468.0
2017,91205,14158.0,2139.0,12019.0
2017,91206,13173.0,4484.0,8689.0
2017,91214,10425.0,7817.0,2608.0
2017,91302,9503.0,6812.0,2691.0
2017,91303,9716.0,2385.0,7331.0
2017,91304,16984.0,8559.0,8425.0
2017,91306,14589.0,8158.0,6431.0
2017,91307,8826.0,7420.0,1406.0
2017,91311,14024.0,9135.0,4889.0
2017,91316,12442.0,6198.0,6244.0
2017,91321,11172.0,6192.0,4980.0
2017,91324,10016.0,5089.0,4927.0
2017,91325,11654.0,5387.0,6267.0
2017,91326,12594.0,9083.0,3511.0
2017,91330,0.0,0.0,0.0
2017,91331,23127.0,14090.0,9037.0
2017,91335,24004.0,11796.0,12208.0
2017,91340,8432.0,4751.0,3681.0
2017,91342,24908.0,16512.0,8396.0
2017,91343,17732.0,9259.0,8473.0
2017,91344,16940.0,12619.0,4321.0
2017,91345,5300.0,3796.0,1504.0
2017,91352,12411.0,6541.0,5870.0
2017,91356,11613.0,6484.0,5129.0
2017,91364,10434.0,7271.0,3163.0
2017,91367,17659.0,9121.0,8538.0
2017,91371,0.0,0.0,0.0
2017,91401,14951.0,5167.0,9784.0
2017,91402,19301.0,6433.0,12868.0
2017,91403,11315.0,5090.0,6225.0
2017,91405,17519.0,4344.0,13175.0
2017,91406,18228.0,7358.0,10870.0
2017,91411,9662.0,2711.0,6951.0
2017,91423,15469.0,6127.0,9342.0
2017,91436,5519.0,4409.0,1110.0
2017,91501,8013.0,2526.0,5487.0
2017,91504,9317.0,4816.0,4501.0
2017,91505,12869.0,5962.0,6907.0
2017,91506,7411.0,4009.0,3402.0
2017,91601,16798.0,3321.0,13477.0
2017,91602,9648.0,3330.0,6318.0
2017,91604,14437.0,6613.0,7824.0
2017,91605,15822.0,5712.0,10110.0
2017,91606,15352.0,4527.0,10825.0
2017,91607,13760.0,4254.0,9506.0
2017,91608,0.0,0.0,0.0
2017,91754,10932.0,6091.0,4841.0
2017,91801,19624.0,7247.0,12377.0
2017,91803,9523.0,4493.0,5030.0
2018,90001,13815.0,4966.0,8849.0
2018,90002,12706.0,4540.0,8166.0
2018,90003,17127.0,4856.0,12271.0
2018,90004,21971.0,3670.0,18301.0
2018,90005,16442.0,1303.0,15139.0
2018,90006,19419.0,1708.0,17711.0
2018,90007,11884.0,1344.0,10540.0
2018,90008,14834.0,5004.0,9830.0
2018,90010,1961.0,420.0,1541.0
2018,90011,24160.0,6213.0,17947.0
2018,90012,12736.0,1307.0,11429.0
2018,90013,6966.0,607.0,6359.0
2018,90014,5496.0,170.0,5326.0
2018,90015,9423.0,1236.0,8187.0
2018,90016,17087.0,6515.0,10572.0
2018,90017,10869.0,435.0,10434.0
2018,90018,16426.0,4996.0,11430.0
2018,90019,24756.0,6951.0,17805.0
2018,90020,16396.0,1483.0,14913.0
2018,90021,1758.0,160.0,1598.0
2018,90023,11519.0,3159.0,8360.0
2018,90024,16737.0,5140.0,11597.0
2018,90025,22105.0,5881.0,16224.0
2018,90026,25785.0,6161.0,19624.0
2018,90027,21716.0,4051.0,17665.0
2018,90028,16652.0,784.0,15868.0
2018,90029,14018.0,1303.0,12715.0
2018,90031,11621.0,3739.0,7882.0
2018,90032,13470.0,6741.0,6729.0
2018,90033,13236.0,2403.0,10833.0
2018,90034,25878.0,4985.0,20893.0
2018,90035,12329.0,4027.0,8302.0
2018,90036,18426.0,3269.0,15157.0
2018,90037,17334.0,4120.0,13214.0
2018,90038,11601.0,1023.0,10578.0
2018,90039,11413.0,5152.0,6261.0
2018,90041,9724.0,5135.0,4589.0
2018,90042,20622.0,9098.0,11524.0
2018,90043,17066.0,9171.0,7895.0
2018,90044,28160.0,8049.0,20111.0
2018,90045,15514.0,8041.0,7473.0
2018,90046,29183.0,6346.0,22837.0
2018,90047,17420.0,9719.0,7701.0
2018,90048,12054.0,3674.0,8380.0
2018,90049,16647.0,8498.0,8149.0
2018,90056,3374.0,2251.0,1123.0
2018,90057,17031.0,608.0,16423.0
2018,90058,757.0,80.0,677.0
2018,90059,10628.0,4898.0,5730.0
2018,90061,7318.0,3009.0,4309.0
2018,90062,9905.0,4295.0,5610.0
2018,90063,13675.0,5482.0,8193.0
2018,90064,10958.0,6159.0,4799.0
2018,90065,15337.0,7386.0,7951.0
2018,90066,25225.0,9387.0,15838.0
2018,90067,1375.0,1132.0,243.0
2018,90068,11360.0,5549.0,5811.0
2018,90069,12640.0,4717.0,7923.0
2018,90071,0.0,0.0,0.0
2018,90073,0.0,0.0,0.0
2018,90077,3276.0,2767.0,509.0
2018,90079,0.0,0.0,0.0
2018,90089,7.0,0.0,7.0
2018,90090,0.0,0.0,0.0
2018,90094,4345.0,1643.0,2702.0
2018,90095,0.0,0.0,0.0
2018,90210,8036.0,5747.0,2289.0
2018,90211,3805.0,1180.0,2625.0
2018,90212,5934.0,1764.0,4170.0
2018,90230,13204.0,7284.0,5920.0
2018,90232,6410.0,2398.0,4012.0
2018,90245,6639.0,2938.0,3701.0
2018,90247,15886.0,6172.0,9714.0
2018,90248,3822.0,2717.0,1105.0
2018,90250,31978.0,9753.0,22225.0
2018,90262,15551.0,6653.0,8898.0
2018,90265,7555.0,5578.0,1977.0
2018,90272,9008.0,7278.0,1730.0
2018,90275,15634.0,12204.0,3430.0
2018,90280,23926.0,10096.0,13830.0
2018,90290,2236.0,1745.0,491.0
2018,90291,13612.0,4455.0,9157.0
2018,90292,12381.0,3809.0,8572.0
2018,90293,6679.0,3149.0,3530.0
2018,90301,12136.0,3125.0,9011.0
2018,90302,10893.0,3048.0,7845.0
2018,90304,6430.0,1845.0,4585.0
2018,90305,5946.0,3894.0,2052.0
2018,90402,4874.0,3357.0,1517.0
2018,90403,12918.0,2976.0,9942.0
2018,90404,9904.0,2297.0,7607.0
2018,90405,14029.0,4698.0,9331.0
2018,90501,14244.0,6157.0,8087.0
2018,90502,6011.0,3849.0,2162.0
2018,90504,11559.0,6991.0,4568.0
2018,90710,9162.0,4805.0,4357.0
2018,90717,8515.0,3961.0,4554.0
2018,90731,22624.0,7108.0,15516.0
2018,90732,8522.0,6036.0,2486.0
2018,90744,14638.0,5444.0,9194.0
2018,90745,15139.0,10313.0,4826.0
2018,90802,20749.0,4280.0,16469.0
2018,90810,9334.0,5142.0,4192.0
2018,90813,17148.0,2027.0,15121.0
2018,91011,6597.0,5906.0,691.0
2018,91030,9992.0,4670.0,5322.0
2018,91040,7263.0,5248.0,2015.0
2018,91042,9854.0,5185.0,4669.0
2018,91105,5299.0,3135.0,2164.0
2018,91201,8311.0,2401.0,5910.0
2018,91204,6327.0,627.0,5700.0
2018,91205,14294.0,2156.0,12138.0
2018,91206,13294.0,4598.0,8696.0
2018,91214,10240.0,7854.0,2386.0
2018,91302,9513.0,6672.0,2841.0
2018,91303,9823.0,2366.0,7457.0
2018,91304,17225.0,8743.0,8482.0
2018,91306,14510.0,8197.0,6313.0
2018,91307,8738.0,7380.0,1358.0
2018,91311,14122.0,9244.0,4878.0
2018,91316,12252.0,6073.0,6179.0
2018,91321,11045.0,6078.0,4967.0
2018,91324,9925.0,5119.0,4806.0
2018,91325,11748.0,5620.0,6128.0
2018,91326,12888.0,9384.0,3504.0
2018,91330,0.0,0.0,0.0
2018,91331,23367.0,14396.0,8971.0
2018,91335,24085.0,11435.0,12650.0
2018,91340,8870.0,4849.0,4021.0
2018,91342,25033.0,16388.0,8645.0
2018,91343,17850.0,9052.0,8798.0
2018,91344,16820.0,12628.0,4192.0
2018,91345,5314.0,3921.0,1393.0
2018,91352,12474.0,6742.0,5732.0
2018,91356,11827.0,6702.0,5125.0
2018,91364,10607.0,7132.0,3475.0
2018,91367,18236.0,9357.0,8879.0
2018,91371,0.0,0.0,0.0
2018,91401,15132.0,5162.0,9970.0
2018,91402,19476.0,6406.0,13070.0
2018,91403,11491.0,5080.0,6411.0
2018,91405,18009.0,4788.0,13221.0
2018,91406,18126.0,7166.0,10960.0
2018,91411,9689.0,2606.0,7083.0
2018,91423,15305.0,6030.0,9275.0
2018,91436,5594.0,4411.0,1183.0
2018,91501,7870.0,2542.0,5328.0
2018,91504,9414.0,4973.0,4441.0
2018,91505,12835.0,6010.0,6825.0
2018,91506,7460.0,4036.0,3424.0
2018,91601,16809.0,3283.0,13526.0
2018,91602,9557.0,3238.0,6319.0
2018,91604,14808.0,6797.0,8011.0
2018,91605,15774.0,5799.0,9975.0
2018,91606,15439.0,4725.0,10714.0
2018,91607,13673.0,4097.0,9576.0
2018,91608,0.0,0.0,0.0
2018,91754,11109.0,6118.0,4991.0
2018,91801,19721.0,7044.0,12677.0
2018,91803,9671.0,4427.0,5244.0
2019,90001,13669.0,4904.0,8765.0
2019,90002,12917.0,4517.0,8400.0
2019,90003,17484.0,4948.0,12536.0
2019,90004,22004.0,3651.0,18353.0
2019,90005,16781.0,1299.0,15482.0
2019,90006,19337.0,1748.0,17589.0
2019,90007,11919.0,1465.0,10454.0
2019,90008,14858.0,4906.0,9952.0
2019,90010,2029.0,357.0,1672.0
2019,90011,24433.0,6343.0,18090.0
2019,90012,13216.0,1195.0,12021.0
2019,90013,7308.0,573.0,6735.0
2019,90014,5644.0,145.0,5499.0
2019,90015,10270.0,1201.0,9069.0
2019,90016,17218.0,6353.0,10865.0
2019,90017,11510.0,480.0,11030.0
2019,90018,16568.0,5061.0,11507.0
2019,90019,24464.0,6836.0,17628.0
2019,90020,16396.0,1529.0,14867.0
2019,90021,1734.0,156.0,1578.0
2019,90023,11691.0,3219.0,8472.0
2019,90024,16515.0,4982.0,11533.0
2019,90025,22015.0,5882.0,16133.0
2019,90026,26045.0,6170.0,19875.0
2019,90027,21668.0,4156.0,17512.0
2019,90028,16403.0,777.0,15626.0
2019,90029,13997.0,1418.0,12579.0
2019,90031,11739.0,3715.0,8024.0
2019,90032,13493.0,6770.0,6723.0
2019,90033,13303.0,2493.0,10810.0
2019,90034,25248.0,4681.0,20567.0
2019,90035,11816.0,3875.0,7941.0
2019,90036,18559.0,3207.0,15352.0
2019,90037,17699.0,4264.0,13435.0
2019,90038,12229.0,1115.0,11114.0
2019,90039,11685.0,5318.0,6367.0
2019,90041,9661.0,4899.0,4762.0
2019,90042,21017.0,9444.0,11573.0
2019,90043,17376.0,9613.0,7763.0
2019,90044,29029.0,8533.0,20496.0
2019,90045,15622.0,8059.0,7563.0
2019,90046,29025.0,6554.0,22471.0
2019,90047,17893.0,10120.0,7773.0
2019,90048,11636.0,3517.0,8119.0
2019,90049,16720.0,8533.0,8187.0
2019,90056,3412.0,2288.0,1124.0
2019,90057,17298.0,648.0,16650.0
2019,90058,706.0,85.0,621.0
2019,90059,10906.0,5137.0,5769.0
2019,90061,7396.0,3097.0,4299.0
2019,90062,10063.0,4619.0,5444.0
2019,90063,13686.0,5448.0,8238.0
2019,90064,11083.0,6121.0,4962.0
2019,90065,15414.0,7484.0,7930.0
2019,90066,25785.0,9378.0,16407.0
2019,90067,1421.0,1131.0,290.0
2019,90068,11316.0,5605.0,5711.0
2019,90069,12488.0,4520.0,7968.0
2019,90071,119.0,7.0,112.0
2019,90073,0.0,0.0,0.0
2019,90077,3173.0,2731.0,442.0
2019,90079,0.0,0.0,0.0
2019,90089,9.0,0.0,9.0
2019,90090,0.0,0.0,0.0
2019,90094,4361.0,1708.0,2653.0
2019,90095,0.0,0.0,0.0
2019,90210,7936.0,5856.0,2080.0
2019,90211,3661.0,1106.0,2555.0
2019,90212,5887.0,1604.0,4283.0
2019,90230,13327.0,7228.0,6099.0
2019,90232,6598.0,2393.0,4205.0
2019,90245,6417.0,2792.0,3625.0
2019,90247,16001.0,6164.0,9837.0
2019,90248,3777.0,2544.0,1233.0
2019,90250,31905.0,9919.0,21986.0
2019,90262,15374.0,7059.0,8315.0
2019,90265,7391.0,5765.0,1626.0
2019,90272,8724.0,6904.0,1820.0
2019,90275,15544.0,12139.0,3405.0
2019,90280,24071.0,10315.0,13756.0
2019,90290,2275.0,1643.0,632.0
2019,90291,13692.0,4690.0,9002.0
2019,90292,12606.0,3908.0,8698.0
2019,90293,6604.0,3217.0,3387.0
2019,90301,12046.0,3060.0,8986.0
2019,90302,10636.0,3069.0,7567.0
2019,90304,6583.0,2025.0,4558.0
2019,90305,5814.0,3735.0,2079.0
2019,90402,4999.0,3425.0,1574.0
2019,90403,12739.0,3024.0,9715.0
2019,90404,9957.0,2271.0,7686.0
2019,90405,13943.0,4773.0,9170.0
2019,90501,14242.0,6492.0,7750.0
2019,90502,5975.0,4085.0,1890.0
2019,90504,11685.0,7271.0,4414.0
2019,90710,9230.0,4885.0,4345.0
2019,90717,8477.0,3965.0,4512.0
2019,90731,22695.0,7307.0,15388.0
2019,90732,8810.0,6223.0,2587.0
2019,90744,14788.0,5397.0,9391.0
2019,90745,14936.0,10159.0,4777.0
2019,90802,20756.0,4202.0,16554.0
2019,90810,9400.0,5131.0,4269.0
2019,90813,17192.0,2099.0,15093.0
2019,91011,6434.0,5846.0,588.0
2019,91030,9815.0,4659.0,5156.0
2019,91040,7339.0,5275.0,2064.0
2019,91042,9961.0,5365.0,4596.0
2019,91105,5505.0,3137.0,2368.0
2019,91201,8309.0,2274.0,6035.0
2019,91204,6485.0,633.0,5852.0
2019,91205,14382.0,2158.0,12224.0
2019,91206,13372.0,4810.0,8562.0
2019,91214,10357.0,7616.0,2741.0
2019,91302,9488.0,6928.0,2560.0
2019,91303,10097.0,2343.0,7754.0
2019,91304,17508.0,8768.0,8740.0
2019,91306,14654.0,8164.0,6490.0
2019,91307,8650.0,7249.0,1401.0
2019,91311,14283.0,9222.0,5061.0
2019,91316,12409.0,6220.0,6189.0
2019,91321,10781.0,6074.0,4707.0
2019,91324,10012.0,5098.0,4914.0
2019,91325,11920.0,5673.0,6247.0
2019,91326,12778.0,9571.0,3207.0
2019,91330,0.0,0.0,0.0
2019,91331,23447.0,14369.0,9078.0
2019,91335,24391.0,11622.0,12769.0
2019,91340,8886.0,4959.0,3927.0
2019,91342,25121.0,16367.0,8754.0
2019,91343,18035.0,9127.0,8908.0
2019,91344,17037.0,12755.0,4282.0
2019,91345,5402.0,3929.0,1473.0
2019,91352,12436.0,6647.0,5789.0
2019,91356,11802.0,6708.0,5094.0
2019,91364,10648.0,7114.0,3534.0
2019,91367,18433.0,9780.0,8653.0
2019,91371,0.0,0.0,0.0
2019,91401,14933.0,5053.0,9880.0
2019,91402,19839.0,6643.0,13196.0
2019,91403,11400.0,5120.0,6280.0
2019,91405,18246.0,4944.0,13302.0
2019,91406,18398.0,7165.0,11233.0
2019,91411,9493.0,2383.0,7110.0
2019,91423,15085.0,5844.0,9241.0
2019,91436,5600.0,4376.0,1224.0
2019,91501,8057.0,2577.0,5480.0
2019,91504,9387.0,5080.0,4307.0
2019,91505,12902.0,6063.0,6839.0
2019,91506,7522.0,4027.0,3495.0
2019,91601,16710.0,2994.0,13716.0
2019,91602,9813.0,3246.0,6567.0
2019,91604,14641.0,6910.0,7731.0
2019,91605,16271.0,6007.0,10264.0
2019,91606,15401.0,4881.0,10520.0
2019,91607,13607.0,4031.0,9576.0
2019,91608,10.0,0.0,10.0
2019,91754,11290.0,6135.0,5155.0
2019,91801,20065.0,7069.0,12996.0
2019,91803,9644.0,4767.0,4877.0
2020,90001,13689.0,4875.0,8814.0
2020,90002,12961.0,4898.0,8063.0
2020,90003,17542.0,4717.0,12825.0
2020,90004,22528.0,3781.0,18747.0
2020,90005,16331.0,1341.0,14990.0
2020,90006,19149.0,1777.0,17372.0
2020,90007,12248.0,1550.0,10698.0
2020,90008,14784.0,5130.0,9654.0
2020,90010,2282.0,352.0,1930.0
2020,90011,24827.0,6904.0,17923.0
2020,90012,13558.0,915.0,12643.0
2020,90013,7810.0,600.0,7210.0
2020,90014,5968.0,119.0,5849.0
2020,90015,11180.0,1014.0,10166.0
2020,90016,17522.0,6180.0,11342.0
2020,90017,11938.0,630.0,11308.0
2020,90018,16634.0,5106.0,11528.0
2020,90019,24252.0,6441.0,17811.0
2020,90020,17064.0,1599.0,15465.0
2020,90021,1778.0,133.0,1645.0
2020,90023,11573.0,3029.0,8544.0
2020,90024,17092.0,5549.0,11543.0
2020,90025,22194.0,5875.0,16319.0
2020,90026,26807.0,6392.0,20415.0
2020,90027,21403.0,4189.0,17214.0
2020,90028,17114.0,829.0,16285.0
2020,90029,13627.0,1442.0,12185.0
2020,90031,12005.0,3990.0,8015.0
2020,90032,13825.0,7290.0,6535.0
2020,90033,13396.0,2724.0,10672.0
2020,90034,26196.0,5272.0,20924.0
2020,90035,12049.0,4019.0,8030.0
2020,90036,18761.0,3294.0,15467.0
2020,90037,17763.0,4419.0,13344.0
2020,90038,12648.0,1034.0,11614.0
2020,90039,12277.0,5198.0,7079.0
2020,90041,10251.0,5224.0,5027.0
2020,90042,21077.0,9719.0,11358.0
2020,90043,17740.0,9600.0,8140.0
2020,90044,28368.0,8220.0,20148.0
2020,90045,15469.0,7993.0,7476.0
2020,90046,28544.0,6400.0,22144.0
2020,90047,17197.0,9505.0,7692.0
2020,90048,11906.0,3485.0,8421.0
2020,90049,16375.0,8724.0,7651.0
2020,90056,3552.0,2336.0,1216.0
2020,90057,17555.0,567.0,16988.0
2020,90058,792.0,75.0,717.0
2020,90059,10453.0,4969.0,5484.0
2020,90061,7527.0,3156.0,4371.0
2020,90062,10112.0,4888.0,5224.0
2020,90063,13873.0,5432.0,8441.0
2020,90064,11272.0,6107.0,5165.0
2020,90065,16244.0,7557.0,8687.0
2020,90066,26696.0,9723.0,16973.0
2020,90067,1501.0,1082.0,419.0
2020,90068,11723.0,5666.0,6057.0
2020,90069,12570.0,4993.0,7577.0
2020,90071,125.0,14.0,111.0
2020,90073,0.0,0.0,0.0
2020,90077,3008.0,2590.0,418.0
2020,90079,0.0,0.0,0.0
2020,90089,9.0,0.0,9.0
2020,90090,0.0,0.0,0.0
2020,90094,4026.0,1920.0,2106.0
2020,90095,0.0,0.0,0.0
2020,90210,7752.0,6040.0,1712.0
2020,90211,3912.0,1349.0,2563.0
2020,90212,5728.0,1459.0,4269.0
2020,90230,13670.0,7619.0,6051.0
2020,90232,6773.0,2574.0,4199.0
2020,90245,6645.0,2844.0,3801.0
2020,90247,15851.0,6373.0,9478.0
2020,90248,3909.0,2649.0,1260.0
2020,90250,30841.0,9874.0,20967.0
2020,90262,15254.0,7311.0,7943.0
2020,90265,7028.0,5603.0,1425.0
2020,90272,8517.0,6873.0,1644.0
2020,90275,15223.0,11813.0,3410.0
2020,90280,23989.0,10599.0,13390.0
2020,90290,2002.0,1418.0,584.0
2020,90291,14420.0,5255.0,9165.0
2020,90292,12817.0,3706.0,9111.0
2020,90293,6685.0,3264.0,3421.0
2020,90301,12254.0,3091.0,9163.0
2020,90302,10536.0,3398.0,7138.0
2020,90304,7106.0,2059.0,5047.0
2020,90305,5927.0,3743.0,2184.0
2020,90402,4683.0,3211.0,1472.0
2020,90403,12901.0,3140.0,9761.0
2020,90404,10359.0,2215.0,8144.0
2020,90405,14074.0,4586.0,9488.0
2020,90501,14140.0,6279.0,7861.0
2020,90502,6438.0,4401.0,2037.0
2020,90504,11413.0,7001.0,4412.0
2020,90710,9439.0,5132.0,4307.0
2020,90717,8205.0,3673.0,4532.0
2020,90731,22843.0,7598.0,15245.0
2020,90732,9064.0,6597.0,2467.0
2020,90744,14938.0,5277.0,9661.0
2020,90745,14495.0,10005.0,4490.0
2020,90802,20841.0,4148.0,16693.0
2020,90810,9571.0,5262.0,4309.0
2020,90813,17167.0,2243.0,14924.0
2020,91011,6329.0,5581.0,748.0
2020,91030,9671.0,4738.0,4933.0
2020,91040,7482.0,5625.0,1857.0
2020,91042,10079.0,5470.0,4609.0
2020,91105,5410.0,3016.0,2394.0
2020,91201,8238.0,2395.0,5843.0
2020,91204,6743.0,560.0,6183.0
2020,91205,14052.0,2217.0,11835.0
2020,91206,13050.0,4655.0,8395.0
2020,91214,10575.0,7795.0,2780.0
2020,91302,9949.0,7137.0,2812.0
2020,91303,10326.0,2470.0,7856.0
2020,91304,18105.0,9059.0,9046.0
2020,91306,14652.0,8139.0,6513.0
2020,91307,8595.0,7300.0,1295.0
2020,91311,14281.0,9104.0,5177.0
2020,91316,12815.0,6289.0,6526.0
2020,91321,10804.0,6307.0,4497.0
2020,91324,10348.0,4938.0,5410.0
2020,91325,12372.0,5756.0,6616.0
2020,91326,12498.0,9302.0,3196.0
2020,91330,0.0,0.0,0.0
2020,91331,23398.0,14565.0,8833.0
2020,91335,24581.0,12011.0,12570.0
2020,91340,9015.0,5443.0,3572.0
2020,91342,24833.0,16472.0,8361.0
2020,91343,17977.0,9061.0,8916.0
2020,91344,17915.0,13188.0,4727.0
2020,91345,5557.0,4024.0,1533.0
2020,91352,12335.0,6528.0,5807.0
2020,91356,11982.0,6987.0,4995.0
2020,91364,10453.0,6938.0,3515.0
2020,91367,17961.0,9475.0,8486.0
2020,91371,0.0,0.0,0.0
2020,91401,14772.0,5149.0,9623.0
2020,91402,20340.0,7022.0,13318.0
2020,91403,11803.0,5245.0,6558.0
2020,91405,18558.0,5112.0,13446.0
2020,91406,18685.0,7217.0,11468.0
2020,91411,9559.0,2506.0,7053.0
2020,91423,15341.0,5836.0,9505.0
2020,91436,5878.0,4603.0,1275.0
2020,91501,7736.0,2613.0,5123.0
2020,91504,9747.0,5160.0,4587.0
2020,91505,12533.0,6056.0,6477.0
2020,91506,7544.0,4283.0,3261.0
2020,91601,17004.0,2675.0,14329.0
2020,91602,10146.0,3539.0,6607.0
2020,91604,15167.0,7003.0,8164.0
2020,91605,16101.0,6224.0,9877.0
2020,91606,15548.0,5174.0,10374.0
2020,91607,13631.0,4429.0,9202.0
2020,91608,9.0,0.0,9.0
2020,91754,11552.0,6169.0,5383.0
2020,91801,20142.0,7151.0,12991.0
2020,91803,10106.0,4930.0,5176.0
2021,90001,13421.0,4774.0,8647.0
2021,90002,13011.0,5132.0,7879.0
2021,90003,17759.0,4851.0,12908.0
2021,90004,22231.0,3632.0,18599.0
2021,90005,15993.0,1273.0,14720.0
2021,90006,18850.0,1780.0,17070.0
2021,90007,12211.0,1447.0,10764.0
2021,90008,14425.0,4801.0,9624.0
2021,90010,2247.0,359.0,1888.0
2021,90011,24603.0,6733.0,17870.0
2021,90012,14361.0,882.0,13479.0
2021,90013,7724.0,643.0,7081.0
2021,90014,5803.0,160.0,5643.0
2021,90015,11746.0,847.0,10899.0
2021,90016,17387.0,6232.0,11155.0
2021,90017,12996.0,643.0,12353.0
2021,90018,16394.0,5298.0,11096.0
2021,90019,23584.0,6239.0,17345.0
2021,90020,16881.0,1590.0,15291.0
2021,90021,1454.0,120.0,1334.0
2021,90023,11832.0,3086.0,8746.0
2021,90024,16359.0,5428.0,10931.0
2021,90025,21470.0,5418.0,16052.0
2021,90026,25968.0,6222.0,19746.0
2021,90027,21133.0,4282.0,16851.0
2021,90028,16833.0,765.0,16068.0
2021,90029,13218.0,1498.0,11720.0
2021,90031,11868.0,3951.0,7917.0
2021,90032,13314.0,6936.0,6378.0
2021,90033,13240.0,2750.0,10490.0
2021,90034,24938.0,5087.0,19851.0
2021,90035,11310.0,3747.0,7563.0
2021,90036,18990.0,3022.0,15968.0
2021,90037,17772.0,4440.0,13332.0
2021,90038,12595.0,1127.0,11468.0
2021,90039,11992.0,5298.0,6694.0
2021,90041,10001.0,5141.0,4860.0
2021,90042,20844.0,9439.0,11405.0
2021,90043,17052.0,9297.0,7755.0
2021,90044,28202.0,8259.0,19943.0
2021,90045,15666.0,7846.0,7820.0
2021,90046,28249.0,6388.0,21861.0
2021,90047,16853.0,9393.0,7460.0
2021,90048,11474.0,3450.0,8024.0
2021,90049,16116.0,8674.0,7442.0
2021,90056,3556.0,2035.0,1521.0
2021,90057,17179.0,524.0,16655.0
2021,90058,979.0,188.0,791.0
2021,90059,10162.0,4720.0,5442.0
2021,90061,7844.0,3151.0,4693.0
2021,90062,9796.0,4621.0,5175.0
2021,90063,13616.0,5113.0,8503.0
2021,90064,11144.0,5838.0,5306.0
2021,90065,16180.0,7556.0,8624.0
2021,90066,24647.0,9066.0,15581.0
2021,90067,1531.0,1121.0,410.0
2021,90068,11528.0,5451.0,6077.0
2021,90069,12844.0,5117.0,7727.0
2021,90071,10.0,10.0,0.0
2021,90073,0.0,0.0,0.0
2021,90077,2899.0,2491.0,408.0
2021,90079,0.0,0.0,0.0
2021,90089,5.0,0.0,5.0
2021,90094,5560.0,1980.0,3580.0
2021,90095,0.0,0.0,0.0
2021,90210,7947.0,5931.0,2016.0
2021,90211,3801.0,1315.0,2486.0
2021,90212,5503.0,1236.0,4267.0
2021,90230,13792.0,7998.0,5794.0
2021,90232,7101.0,2872.0,4229.0
2021,90245,7070.0,2969.0,4101.0
2021,90247,16082.0,6350.0,9732.0
2021,90248,3857.0,2582.0,1275.0
2021,90250,31962.0,10121.0,21841.0
2021,90262,15026.0,7294.0,7732.0
2021,90265,6463.0,5120.0,1343.0
2021,90272,8074.0,6379.0,1695.0
2021,90275,15397.0,12143.0,3254.0
2021,90280,23824.0,10717.0,13107.0
2021,90290,2003.0,1405.0,598.0
2021,90291,13535.0,5010.0,8525.0
2021,90292,13048.0,4277.0,8771.0
2021,90293,6625.0,3082.0,3543.0
2021,90301,12110.0,3220.0,8890.0
2021,90302,10456.0,3296.0,7160.0
2021,90304,7067.0,2108.0,4959.0
2021,90305,5880.0,3591.0,2289.0
2021,90402,4906.0,3555.0,1351.0
2021,90403,13164.0,3355.0,9809.0
2021,90404,10562.0,2294.0,8268.0
2021,90405,14247.0,4519.0,9728.0
2021,90501,14423.0,6800.0,7623.0
2021,90502,6342.0,4282.0,2060.0
2021,90504,11662.0,7136.0,4526.0
2021,90710,9150.0,4962.0,4188.0
2021,90717,8255.0,3497.0,4758.0
2021,90731,23155.0,7832.0,15323.0
2021,90732,8680.0,6256.0,2424.0
2021,90744,14995.0,5350.0,9645.0
2021,90745,15337.0,10556.0,4781.0
2021,90802,21450.0,4423.0,17027.0
2021,90810,9871.0,5477.0,4394.0
2021,90813,17485.0,2259.0,15226.0
2021,91011,6447.0,5786.0,661.0
2021,91030,10345.0,4926.0,5419.0
2021,91040,7412.0,5627.0,1785.0
2021,91042,9872.0,5379.0,4493.0
2021,91105,5463.0,3132.0,2331.0
2021,91201,8147.0,2395.0,5752.0
2021,91204,6564.0,546.0,6018.0
2021,91205,13709.0,1904.0,11805.0
2021,91206,12610.0,4517.0,8093.0
2021,91214,10577.0,7680.0,2897.0
2021,91302,9761.0,6818.0,2943.0
2021,91303,9887.0,2215.0,7672.0
2021,91304,18190.0,9146.0,9044.0
2021,91306,14463.0,7832.0,6631.0
2021,91307,8562.0,7098.0,1464.0
2021,91311,14156.0,9122.0,5034.0
2021,91316,12372.0,6302.0,6070.0
2021,91321,11240.0,6482.0,4758.0
2021,91324,10045.0,4875.0,5170.0
2021,91325,12590.0,5786.0,6804.0
2021,91326,12518.0,9372.0,3146.0
2021,91330,0.0,0.0,0.0
2021,91331,23182.0,14856.0,8326.0
2021,91335,24289.0,11698.0,12591.0
2021,91340,8829.0,5439.0,3390.0
2021,91342,24793.0,16742.0,8051.0
2021,91343,17977.0,8972.0,9005.0
2021,91344,17529.0,12755.0,4774.0
2021,91345,5448.0,4016.0,1432.0
2021,91352,12040.0,6562.0,5478.0
2021,91356,11803.0,6794.0,5009.0
2021,91364,10254.0,6834.0,3420.0
2021,91367,17953.0,8987.0,8966.0
2021,91371,0.0,0.0,0.0
2021,91401,14596.0,5007.0,9589.0
2021,91402,20133.0,6899.0,13234.0
2021,91403,11867.0,5244.0,6623.0
2021,91405,18374.0,4960.0,13414.0
2021,91406,18686.0,7196.0,11490.0
2021,91411,9037.0,2578.0,6459.0
2021,91423,14925.0,5702.0,9223.0
2021,91436,6011.0,4686.0,1325.0
2021,91501,7834.0,2817.0,5017.0
2021,91504,10151.0,5421.0,4730.0
2021,91505,13042.0,6102.0,6940.0
2021,91506,8125.0,4615.0,3510.0
2021,91601,17086.0,2851.0,14235.0
2021,91602,10124.0,3256.0,6868.0
2021,91604,14350.0,6700.0,7650.0
2021,91605,16304.0,6101.0,10203.0
2021,91606,15255.0,5252.0,10003.0
2021,91607,13384.0,4251.0,9133.0
2021,91608,8.0,0.0,8.0
2021,91754,11689.0,6325.0,5364.0
2021,91801,20080.0,6991.0,13089.0
2021,91803,10002.0,4859.0,5143.0
2022,90001,13597.0,4736.0,8861.0
2022,90002,13013.0,5314.0,7699.0
2022,90003,17936.0,4845.0,13091.0
2022,90004,23047.0,3794.0,19253.0
2022,90005,16607.0,1301.0,15306.0
2022,90006,19100.0,2033.0,17067.0
2022,90007,12520.0,1329.0,11191.0
2022,90008,14694.0,4632.0,10062.0
2022,90010,2381.0,394.0,1987.0
2022,90011,24399.0,6519.0,17880.0
2022,90012,14945.0,957.0,13988.0
2022,90013,7781.0,625.0,7156.0
2022,90014,6100.0,212.0,5888.0
2022,90015,12838.0,1107.0,11731.0
2022,90016,17601.0,6403.0,11198.0
2022,90017,13564.0,734.0,12830.0
2022,90018,16339.0,5369.0,10970.0
2022,90019,23576.0,5895.0,17681.0
2022,90020,17321.0,1630.0,15691.0
2022,90021,1459.0,100.0,1359.0
2022,90023,11750.0,3095.0,8655.0
2022,90024,16843.0,5602.0,11241.0
2022,90025,22166.0,5486.0,16680.0
2022,90026,26230.0,6225.0,20005.0
2022,90027,21331.0,4462.0,16869.0
2022,90028,17228.0,690.0,16538.0
2022,90029,12836.0,1485.0,11351.0
2022,90031,11960.0,3921.0,8039.0
2022,90032,13427.0,7254.0,6173.0
2022,90033,13341.0,2632.0,10709.0
2022,90034,25261.0,5137.0,20124.0
2022,90035,11420.0,3657.0,7763.0
2022,90036,19753.0,2915.0,16838.0
2022,90037,17571.0,4416.0,13155.0
2022,90038,12929.0,1026.0,11903.0
2022,90039,12052.0,5662.0,6390.0
2022,90041,9875.0,5150.0,4725.0
2022,90042,21199.0,9549.0,11650.0
2022,90043,17132.0,9093.0,8039.0
2022,90044,27738.0,8441.0,19297.0
2022,90045,15852.0,7596.0,8256.0
2022,90046,28346.0,6110.0,22236.0
2022,90047,17202.0,9291.0,7911.0
2022,90048,11564.0,3342.0,8222.0
2022,90049,16151.0,8793.0,7358.0
2022,90056,3432.0,1984.0,1448.0
2022,90057,16986.0,511.0,16475.0
2022,90058,1039.0,138.0,901.0
2022,90059,10351.0,4797.0,5554.0
2022,90061,7666.0,3094.0,4572.0
2022,90062,9802.0,4624.0,5178.0
2022,90063,13529.0,5028.0,8501.0
2022,90064,11414.0,5944.0,5470.0
2022,90065,16200.0,7704.0,8496.0
2022,90066,24679.0,9061.0,15618.0
2022,90067,1719.0,1120.0,599.0
2022,90068,11740.0,5447.0,6293.0
2022,90069,13004.0,5293.0,7711.0
2022,90071,8.0,8.0,0.0
2022,90073,0.0,0.0,0.0
2022,90077,3001.0,2560.0,441.0
2022,90079,0.0,0.0,0.0
2022,90089,6.0,0.0,6.0
2022,90094,5903.0,1773.0,4130.0
2022,90095,0.0,0.0,0.0
2022,90210,7893.0,5853.0,2040.0
2022,90211,3784.0,1534.0,2250.0
2022,90212,5483.0,1221.0,4262.0
2022,90230,13290.0,7686.0,5604.0
2022,90232,7183.0,3088.0,4095.0
2022,90245,7075.0,2985.0,4090.0
2022,90247,16120.0,6433.0,9687.0
2022,90248,3947.0,2532.0,1415.0
2022,90250,32230.0,10322.0,21908.0
2022,90262,15168.0,7523.0,7645.0
2022,90265,6360.0,5034.0,1326.0
2022,90272,8135.0,6329.0,1806.0
2022,90275,15414.0,12297.0,3117.0
2022,90280,23885.0,10705.0,13180.0
2022,90290,2081.0,1507.0,574.0
2022,90291,13670.0,4864.0,8806.0
2022,90292,13355.0,4309.0,9046.0
2022,90293,6657.0,3202.0,3455.0
2022,90301,12142.0,3122.0,9020.0
2022,90302,10340.0,3243.0,7097.0
2022,90304,7174.0,2107.0,5067.0
2022,90305,5894.0,3522.0,2372.0
2022,90402,4777.0,3556.0,1221.0
2022,90403,13064.0,3584.0,9480.0
2022,90404,10492.0,2307.0,8185.0
2022,90405,14000.0,4363.0,9637.0
2022,90501,14607.0,6816.0,7791.0
2022,90502,6457.0,4475.0,1982.0
2022,90504,11654.0,7190.0,4464.0
2022,90710,9276.0,5022.0,4254.0
2022,90717,8327.0,3722.0,4605.0
2022,90731,23249.0,7878.0,15371.0
2022,90732,8743.0,6299.0,2444.0
2022,90744,14949.0,5087.0,9862.0
2022,90745,15441.0,10682.0,4759.0
2022,90802,21734.0,4599.0,17135.0
2022,90810,9965.0,5677.0,4288.0
2022,90813,17215.0,2401.0,14814.0
2022,91011,6455.0,5743.0,712.0
2022,91030,10274.0,4787.0,5487.0
2022,91040,7383.0,5335.0,2048.0
2022,91042,9974.0,5363.0,4611.0
2022,91105,5647.0,3249.0,2398.0
2022,91201,8014.0,2569.0,5445.0
2022,91204,6536.0,462.0,6074.0
2022,91205,13708.0,2140.0,11568.0
2022,91206,12591.0,4509.0,8082.0
2022,91214,10590.0,7737.0,2853.0
2022,91302,9644.0,6946.0,2698.0
2022,91303,10270.0,2336.0,7934.0
2022,91304,18276.0,9273.0,9003.0
2022,91306,14466.0,8155.0,6311.0
2022,91307,8527.0,6936.0,1591.0
2022,91311,14220.0,9405.0,4815.0
2022,91316,12625.0,6371.0,6254.0
2022,91321,11068.0,6579.0,4489.0
2022,91324,10084.0,4904.0,5180.0
2022,91325,12773.0,5807.0,6966.0
2022,91326,12719.0,9611.0,3108.0
2022,91330,0.0,0.0,0.0
2022,91331,22995.0,14495.0,8500.0
2022,91335,24392.0,11934.0,12458.0
2022,91340,8685.0,5386.0,3299.0
2022,91342,24927.0,16724.0,8203.0
2022,91343,18045.0,8940.0,9105.0
2022,91344,17596.0,12761.0,4835.0
2022,91345,5410.0,4062.0,1348.0
2022,91352,12175.0,6468.0,5707.0
2022,91356,11903.0,6842.0,5061.0
2022,91364,10308.0,6895.0,3413.0
2022,91367,18234.0,8925.0,9309.0
2022,91371,0.0,0.0,0.0
2022,91401,14963.0,5073.0,9890.0
2022,91402,20036.0,7194.0,12842.0
2022,91403,11923.0,5000.0,6923.0
2022,91405,18370.0,4943.0,13427.0
2022,91406,18792.0,7367.0,11425.0
2022,91411,9218.0,2735.0,6483.0
2022,91423,14902.0,5652.0,9250.0
2022,91436,5965.0,4624.0,1341.0
2022,91501,7731.0,2925.0,4806.0
2022,91504,10224.0,5639.0,4585.0
2022,91505,13017.0,5970.0,7047.0
2022,91506,8103.0,4698.0,3405.0
2022,91601,17625.0,2999.0,14626.0
2022,91602,10057.0,3247.0,6810.0
2022,91604,14449.0,6356.0,8093.0
2022,91605,16145.0,6347.0,9798.0
2022,91606,15339.0,5204.0,10135.0
2022,91607,13751.0,4237.0,9514.0
2022,91608,41.0,0.0,41.0
2022,91754,11919.0,6496.0,5423.0
2022,91801,19985.0,7391.0,12594.0
2022,91803,10100.0,4933.0,5167.0
2023,90001,13416.0,4775.0,8641.0
2023,90002,13319.0,5423.0,7896.0
2023,90003,17634.0,4692.0,12942.0
2023,90004,23735.0,4011.0,19724.0
2023,90005,17477.0,1572.0,15905.0
2023,90006,19268.0,1951.0,17317.0
2023,90007,12451.0,1297.0,11154.0
2023,90008,14740.0,4475.0,10265.0
2023,90010,2488.0,444.0,2044.0
2023,90011,24156.0,6346.0,17810.0
2023,90012,15236.0,1249.0,13987.0
2023,90013,8399.0,686.0,7713.0
2023,90014,6450.0,236.0,6214.0
2023,90015,13180.0,1618.0,11562.0
2023,90016,17844.0,6320.0,11524.0
2023,90017,14148.0,842.0,13306.0
2023,90018,16646.0,5340.0,11306.0
2023,90019,23724.0,5673.0,18051.0
2023,90020,17563.0,1581.0,15982.0
2023,90021,1541.0,107.0,1434.0
2023,90023,11842.0,3057.0,8785.0
2023,90024,16847.0,5417.0,11430.0
2023,90025,22875.0,5437.0,17438.0
2023,90026,26461.0,6635.0,19826.0
2023,90027,21736.0,4413.0,17323.0
2023,90028,17643.0,667.0,16976.0
2023,90029,13089.0,1460.0,11629.0
2023,90031,12166.0,3823.0,8343.0
2023,90032,13372.0,6932.0,6440.0
2023,90033,13149.0,2382.0,10767.0
2023,90034,25628.0,5291.0,20337.0
2023,90035,11997.0,3673.0,8324.0
2023,90036,19985.0,2675.0,17310.0
2023,90037,17709.0,4071.0,13638.0
2023,90038,13344.0,1129.0,12215.0
2023,90039,12351.0,5564.0,6787.0
2023,90041,9790.0,5220.0,4570.0
2023,90042,21490.0,9985.0,11505.0
2023,90043,16883.0,9007.0,7876.0
2023,90044,27423.0,8579.0,18844.0
2023,90045,16311.0,7678.0,8633.0
2023,90046,28716.0,6694.0,22022.0
2023,90047,17198.0,9361.0,7837.0
2023,90048,11838.0,3312.0,8526.0
2023,90049,16605.0,8751.0,7854.0
2023,90056,3531.0,1985.0,1546.0
2023,90057,16688.0,703.0,15985.0
2023,90058,1105.0,173.0,932.0
2023,90059,10245.0,4543.0,5702.0
2023,90061,7729.0,2855.0,4874.0
2023,90062,9626.0,4435.0,5191.0
2023,90063,13229.0,5041.0,8188.0
2023,90064,11807.0,5957.0,5850.0
2023,90065,16441.0,7716.0,8725.0
2023,90066,24867.0,9595.0,15272.0
2023,90067,1918.0,1188.0,730.0
2023,90068,12103.0,5464.0,6639.0
2023,90069,13068.0,5078.0,7990.0
2023,90071,0.0,0.0,0.0
2023,90073,0.0,0.0,0.0
2023,90077,3225.0,2700.0,525.0
2023,90079,0.0,0.0,0.0
2023,90089,6.0,0.0,6.0
2023,90094,6075.0,1746.0,4329.0
2023,90095,0.0,0.0,0.0
2023,90210,8025.0,5748.0,2277.0
2023,90211,3693.0,1469.0,2224.0
2023,90212,5439.0,1168.0,4271.0
2023,90230,13243.0,7579.0,5664.0
2023,90232,7337.0,3087.0,4250.0
2023,90245,7125.0,3033.0,4092.0
2023,90247,16158.0,6579.0,9579.0
2023,90248,4068.0,2585.0,1483.0
2023,90250,32712.0,10407.0,22305.0
2023,90262,15130.0,7456.0,7674.0
2023,90265,6219.0,4881.0,1338.0
2023,90272,8282.0,6413.0,1869.0
2023,90275,15335.0,12363.0,2972.0
2023,90280,24791.0,11011.0,13780.0
2023,90290,2236.0,1665.0,571.0
2023,90291,14247.0,4914.0,9333.0
2023,90292,13198.0,3986.0,9212.0
2023,90293,6573.0,3029.0,3544.0
2023,90301,12165.0,3193.0,8972.0
2023,90302,10464.0,3085.0,7379.0
2023,90304,7253.0,2108.0,5145.0
2023,90305,5897.0,3533.0,2364.0
2023,90402,4742.0,3499.0,1243.0
2023,90403,13372.0,3840.0,9532.0
2023,90404,10512.0,2314.0,8198.0
2023,90405,13972.0,4351.0,9621.0
2023,90501,14512.0,6614.0,7898.0
2023,90502,6533.0,4570.0,1963.0
2023,90504,11664.0,7011.0,4653.0
2023,90710,9388.0,5154.0,4234.0
2023,90717,7845.0,3560.0,4285.0
2023,90731,23131.0,7570.0,15561.0
2023,90732,9178.0,6632.0,2546.0
2023,90744,14959.0,5362.0,9597.0
2023,90745,15606.0,10696.0,4910.0
2023,90802,22334.0,4576.0,17758.0
2023,90810,9970.0,5682.0,4288.0
2023,90813,17336.0,2609.0,14727.0
2023,91011,6403.0,5667.0,736.0
2023,91030,10413.0,4586.0,5827.0
2023,91040,7513.0,5013.0,2500.0
2023,91042,10190.0,5426.0,4764.0
2023,91105,5771.0,3071.0,2700.0
2023,91201,8031.0,2627.0,5404.0
2023,91204,6805.0,585.0,6220.0
2023,91205,13572.0,2267.0,11305.0
2023,91206,12449.0,4804.0,7645.0
2023,91214,10638.0,7794.0,2844.0
2023,91302,9711.0,7061.0,2650.0
2023,91303,10484.0,2171.0,8313.0
2023,91304,18369.0,9411.0,8958.0
2023,91306,14697.0,8319.0,6378.0
2023,91307,8735.0,7038.0,1697.0
2023,91311,14391.0,9613.0,4778.0
2023,91316,12874.0,6461.0,6413.0
2023,91321,10764.0,6611.0,4153.0
2023,91324,10445.0,5065.0,5380.0
2023,91325,12795.0,5859.0,6936.0
2023,91326,12948.0,9861.0,3087.0
2023,91330,4.0,0.0,4.0
2023,91331,23036.0,14475.0,8561.0
2023,91335,24234.0,12287.0,11947.0
2023,91340,8542.0,5530.0,3012.0
2023,91342,25205.0,17073.0,8132.0
2023,91343,18175.0,8964.0,9211.0
2023,91344,17774.0,12812.0,4962.0
2023,91345,5489.0,3979.0,1510.0
2023,91352,12402.0,6515.0,5887.0
2023,91356,12155.0,6994.0,5161.0
2023,91364,10219.0,7054.0,3165.0
2023,91367,18919.0,9038.0,9881.0
2023,91371,0.0,0.0,0.0
2023,91401,15053.0,5099.0,9954.0
2023,91402,20147.0,6924.0,13223.0
2023,91403,11892.0,5170.0,6722.0
2023,91405,18722.0,5017.0,13705.0
2023,91406,19154.0,7550.0,11604.0
2023,91411,9346.0,2547.0,6799.0
2023,91423,15475.0,5797.0,9678.0
2023,91436,6012.0,4710.0,1302.0
2023,91501,8029.0,3202.0,4827.0
2023,91504,10067.0,5254.0,4813.0
2023,91505,12975.0,5733.0,7242.0
2023,91506,7908.0,4628.0,3280.0
2023,91601,18732.0,3004.0,15728.0
2023,91602,10064.0,3216.0,6848.0
2023,91604,14848.0,6638.0,8210.0
2023,91605,16139.0,6048.0,10091.0
2023,91606,15589.0,5210.0,10379.0
2023,91607,13929.0,4259.0,9670.0
2023,91608,29.0,0.0,29.0
2023,91754,12041.0,6757.0,5284.0
2023,91801,20219.0,7622.0,12597.0
2023,91803,9884.0,5030.0,4854.0
