year,zip_code,population_white,population_black,population_hispanic,population_other_races
2011,90001,40379.0,4943.0,49339.0,9438.0
2011,90002,28035.0,12844.0,33232.0,5630.0
2011,90003,31870.0,16596.0,48261.0,17717.0
2011,90004,23007.0,2075.0,32551.0,38850.0
2011,90005,10152.0,2625.0,22426.0,28401.0
2011,90006,18614.0,1910.0,43989.0,37388.0
2011,90007,14748.0,4437.0,23388.0,23080.0
2011,90008,2343.0,25858.0,6171.0,6228.0
2011,90010,713.0,53.0,471.0,2463.0
2011,90011,26429.0,8860.0,91184.0,66234.0
2011,90012,7628.0,3385.0,8207.0,18285.0
2011,90013,3046.0,2726.0,1624.0,2444.0
2011,90014,1942.0,1255.0,998.0,2007.0
2011,90015,5863.0,1017.0,13153.0,11077.0
2011,90016,9739.0,18056.0,25191.0,19076.0
2011,90017,7187.0,1276.0,16202.0,13938.0
2011,90018,7486.0,16820.0,27271.0,23906.0
2011,90019,23026.0,14656.0,28692.0,26212.0
2011,90020,10303.0,2277.0,14167.0,28016.0
2011,90021,1248.0,684.0,1165.0,671.0
2011,90023,21521.0,227.0,43124.0,22958.0
2011,90024,30422.0,1428.0,4848.0,17577.0
2011,90025,25331.0,1463.0,8178.0,15859.0
2011,90026,37835.0,2197.0,40033.0,30020.0
2011,90027,31535.0,1413.0,9852.0,12543.0
2011,90028,16240.0,1621.0,8746.0,9573.0
2011,90029,15638.0,1565.0,22651.0,21360.0
2011,90031,14805.0,590.0,25839.0,23681.0
2011,90032,27953.0,908.0,39362.0,19868.0
2011,90033,26684.0,659.0,45009.0,21759.0
2011,90034,32358.0,5213.0,17735.0,22091.0
2011,90035,21504.0,3088.0,2877.0,4521.0
2011,90036,23480.0,2442.0,3513.0,10202.0
2011,90037,10194.0,12835.0,45985.0,37610.0
2011,90038,12865.0,1563.0,17734.0,16070.0
2011,90039,17777.0,604.0,12443.0,10881.0
2011,90041,15426.0,850.0,10893.0,12581.0
2011,90042,39252.0,1561.0,43257.0,22611.0
2011,90043,5896.0,28926.0,12103.0,9220.0
2011,90044,24119.0,34833.0,51019.0,29212.0
2011,90045,24050.0,6100.0,7078.0,10000.0
2011,90046,40643.0,1758.0,4989.0,6811.0
2011,90047,6910.0,32545.0,13668.0,8095.0
2011,90048,17950.0,628.0,1382.0,2353.0
2011,90049,30956.0,305.0,2407.0,5190.0
2011,90056,1150.0,6360.0,207.0,598.0
2011,90057,13916.0,1872.0,30124.0,28020.0
2011,90058,1101.0,494.0,2744.0,1889.0
2011,90059,12296.0,14338.0,24870.0,13575.0
2011,90061,12738.0,10086.0,16725.0,4128.0
2011,90062,4611.0,11437.0,18027.0,14662.0
2011,90063,28676.0,199.0,51364.0,24008.0
2011,90064,18181.0,603.0,3443.0,6849.0
2011,90065,22364.0,945.0,30685.0,23535.0
2011,90066,35205.0,3034.0,17188.0,17971.0
2011,90067,1944.0,4.0,162.0,520.0
2011,90068,17535.0,1228.0,2098.0,3285.0
2011,90069,16971.0,494.0,2359.0,2324.0
2011,90071,0.0,0.0,0.0,0.0
2011,90073,207.0,189.0,109.0,164.0
2011,90077,7621.0,208.0,298.0,742.0
2011,90079,0.0,0.0,0.0,0.0
2011,90089,1761.0,120.0,428.0,1635.0
2011,90090,0.0,0.0,0.0,0.0
2011,90094,2833.0,485.0,201.0,1676.0
2011,90095,0.0,0.0,0.0,0.0
2011,90210,19182.0,320.0,1522.0,2217.0
2011,90211,6937.0,316.0,310.0,844.0
2011,90212,9799.0,362.0,560.0,1675.0
2011,90230,17399.0,3666.0,10934.0,10954.0
2011,90232,9678.0,1238.0,3905.0,4085.0
2011,90245,13769.0,110.0,3207.0,2718.0
2011,90247,10561.0,8580.0,21975.0,27588.0
2011,90248,2907.0,1067.0,4383.0,6294.0
2011,90250,45907.0,23226.0,48917.0,24021.0
2011,90262,23202.0,6401.0,60802.0,40040.0
2011,90265,15694.0,344.0,1173.0,1784.0
2011,90272,20999.0,63.0,1120.0,1703.0
2011,90275,25477.0,1245.0,3385.0,14990.0
2011,90280,44098.0,520.0,90167.0,49968.0
2011,90290,6082.0,268.0,687.0,470.0
2011,90291,21176.0,1637.0,4892.0,4179.0
2011,90292,17418.0,1560.0,2190.0,3174.0
2011,90293,9275.0,1050.0,1404.0,2508.0
2011,90301,11208.0,12187.0,21832.0,13629.0
2011,90302,7267.0,14831.0,13238.0,8631.0
2011,90304,9075.0,1784.0,23949.0,16119.0
2011,90305,929.0,12160.0,1066.0,1018.0
2011,90402,11011.0,110.0,493.0,1494.0
2011,90403,21412.0,355.0,1325.0,3003.0
2011,90404,12796.0,1485.0,5088.0,5842.0
2011,90405,21086.0,1211.0,3052.0,5053.0
2011,90501,16939.0,2304.0,17505.0,22047.0
2011,90502,6081.0,1239.0,6248.0,9335.0
2011,90504,13173.0,1415.0,6244.0,16875.0
2011,90710,15455.0,3452.0,13610.0,8765.0
2011,90717,13058.0,433.0,7853.0,7862.0
2011,90731,44170.0,4079.0,31215.0,12218.0
2011,90732,16183.0,762.0,5092.0,3355.0
2011,90744,39599.0,1704.0,50774.0,15508.0
2011,90745,20639.0,4426.0,24188.0,32603.0
2011,90802,21116.0,6061.0,14426.0,11492.0
2011,90810,16480.0,5329.0,18961.0,15399.0
2011,90813,29841.0,6790.0,37338.0,20971.0
2011,91011,14437.0,67.0,1002.0,5804.0
2011,91030,14705.0,510.0,5357.0,10250.0
2011,91040,14599.0,236.0,5699.0,5397.0
2011,91042,20114.0,592.0,6396.0,6887.0
2011,91105,8058.0,292.0,1155.0,2198.0
2011,91201,18783.0,488.0,3604.0,4148.0
2011,91204,11091.0,528.0,5461.0,4211.0
2011,91205,28644.0,359.0,9919.0,9318.0
2011,91206,24575.0,770.0,4756.0,7329.0
2011,91214,20046.0,135.0,3256.0,11461.0
2011,91302,21365.0,710.0,1911.0,3727.0
2011,91303,12680.0,535.0,16534.0,13093.0
2011,91304,25633.0,2194.0,22689.0,24422.0
2011,91306,20502.0,2264.0,21190.0,24469.0
2011,91307,18893.0,539.0,3161.0,5074.0
2011,91311,25464.0,1329.0,7737.0,10711.0
2011,91316,21559.0,1421.0,2495.0,3606.0
2011,91321,23965.0,1056.0,16126.0,9927.0
2011,91324,15033.0,1525.0,9603.0,10295.0
2011,91325,19620.0,2263.0,9396.0,10614.0
2011,91326,20797.0,1623.0,3872.0,12048.0
2011,91330,319.0,145.0,175.0,330.0
2011,91331,54580.0,3131.0,85627.0,39812.0
2011,91335,41476.0,2337.0,37114.0,31454.0
2011,91340,22343.0,456.0,31396.0,11717.0
2011,91342,48480.0,4359.0,64481.0,34868.0
2011,91343,27764.0,2618.0,35898.0,29504.0
2011,91344,34959.0,1929.0,15210.0,16246.0
2011,91345,9852.0,717.0,11208.0,8060.0
2011,91352,28483.0,861.0,32290.0,17217.0
2011,91356,23867.0,1153.0,4326.0,4885.0
2011,91364,20836.0,961.0,2439.0,3290.0
2011,91367,28662.0,2299.0,4875.0,8542.0
2011,91371,0.0,0.0,0.0,0.0
2011,91401,24949.0,1821.0,16300.0,11830.0
2011,91402,23871.0,2583.0,50655.0,44222.0
2011,91403,18585.0,1290.0,2194.0,3676.0
2011,91405,23069.0,2626.0,31807.0,27700.0
2011,91406,26344.0,2552.0,28294.0,24059.0
2011,91411,15127.0,1107.0,12517.0,7286.0
2011,91423,23882.0,1641.0,4309.0,4745.0
2011,91436,12216.0,282.0,1462.0,1796.0
2011,91501,16049.0,375.0,3494.0,4436.0
2011,91504,18961.0,616.0,7080.0,5793.0
2011,91505,22631.0,380.0,7617.0,6824.0
2011,91506,13708.0,294.0,5773.0,5037.0
2011,91601,24264.0,3105.0,14955.0,8461.0
2011,91602,13169.0,949.0,2700.0,3224.0
2011,91604,22616.0,943.0,2230.0,3548.0
2011,91605,25620.0,1916.0,34353.0,26516.0
2011,91606,26557.0,1509.0,26449.0,17831.0
2011,91607,22582.0,1380.0,5169.0,4384.0
2011,91608,0.0,0.0,0.0,0.0
2011,91754,6872.0,110.0,10084.0,25796.0
2011,91801,15236.0,918.0,16653.0,36981.0
2011,91803,8264.0,428.0,11238.0,21505.0
2012,90001,38027.0,4967.0,48958.0,11486.0
2012,90002,28786.0,13202.0,34966.0,6625.0
2012,90003,25021.0,17349.0,48830.0,24856.0
2012,90004,21535.0,1889.0,31458.0,39460.0
2012,90005,9210.0,2256.0,21813.0,28126.0
2012,90006,14635.0,1932.0,44072.0,42282.0
2012,90007,15579.0,4305.0,24119.0,23769.0
2012,90008,2567.0,24196.0,6948.0,6991.0
2012,90010,776.0,46.0,514.0,3013.0
2012,90011,26952.0,7809.0,91393.0,65910.0
2012,90012,8104.0,2949.0,8081.0,18111.0
2012,90013,3187.0,3144.0,1693.0,2987.0
2012,90014,2321.0,1324.0,867.0,1911.0
2012,90015,6133.0,1065.0,12499.0,10470.0
2012,90016,10478.0,18355.0,24483.0,17946.0
2012,90017,6322.0,1296.0,16410.0,15553.0
2012,90018,8453.0,15995.0,28174.0,24049.0
2012,90019,22968.0,15072.0,28196.0,26573.0
2012,90020,10218.0,2362.0,13705.0,28506.0
2012,90021,1238.0,674.0,1267.0,752.0
2012,90023,18842.0,303.0,43979.0,26518.0
2012,90024,30322.0,1435.0,5006.0,18512.0
2012,90025,25535.0,1302.0,8543.0,16095.0
2012,90026,42983.0,2126.0,40105.0,24506.0
2012,90027,30671.0,1257.0,9929.0,13774.0
2012,90028,16273.0,1713.0,9584.0,10268.0
2012,90029,16288.0,1562.0,23253.0,21587.0
2012,90031,14852.0,528.0,26680.0,24610.0
2012,90032,29840.0,1060.0,40345.0,18342.0
2012,90033,27210.0,712.0,45271.0,21126.0
2012,90034,33857.0,5567.0,16902.0,19881.0
2012,90035,21425.0,3244.0,3337.0,5884.0
2012,90036,23277.0,2309.0,3416.0,10356.0
2012,90037,10750.0,12561.0,46665.0,37556.0
2012,90038,12651.0,1833.0,17769.0,15741.0
2012,90039,17485.0,769.0,11776.0,10006.0
2012,90041,17275.0,585.0,11307.0,10711.0
2012,90042,37037.0,1496.0,43299.0,23770.0
2012,90043,6509.0,27988.0,12308.0,9264.0
2012,90044,24612.0,32770.0,50596.0,28558.0
2012,90045,25322.0,6018.0,7029.0,9195.0
2012,90046,40228.0,1814.0,5583.0,7895.0
2012,90047,7288.0,32086.0,14395.0,8483.0
2012,90048,17535.0,430.0,1444.0,2828.0
2012,90049,30698.0,318.0,2320.0,5091.0
2012,90056,1451.0,6550.0,307.0,627.0
2012,90057,10978.0,2015.0,30831.0,31878.0
2012,90058,1377.0,404.0,2622.0,1508.0
2012,90059,15001.0,12846.0,26142.0,12458.0
2012,90061,11808.0,10205.0,16205.0,4608.0
2012,90062,4460.0,11525.0,18825.0,15584.0
2012,90063,25076.0,223.0,52461.0,28695.0
2012,90064,18388.0,507.0,3587.0,6999.0
2012,90065,21773.0,1027.0,29538.0,23016.0
2012,90066,35611.0,2676.0,16103.0,17820.0
2012,90067,1955.0,5.0,93.0,297.0
2012,90068,17708.0,1406.0,2102.0,3156.0
2012,90069,17029.0,630.0,2224.0,2669.0
2012,90071,0.0,0.0,0.0,0.0
2012,90073,245.0,247.0,106.0,131.0
2012,90077,7514.0,63.0,301.0,685.0
2012,90079,0.0,0.0,0.0,0.0
2012,90089,1715.0,98.0,400.0,1589.0
2012,90090,0.0,0.0,0.0,0.0
2012,90094,2922.0,625.0,208.0,2020.0
2012,90095,0.0,0.0,0.0,0.0
2012,90210,19074.0,372.0,1466.0,2071.0
2012,90211,6721.0,285.0,290.0,883.0
2012,90212,10331.0,390.0,534.0,1585.0
2012,90230,18263.0,3321.0,11253.0,10924.0
2012,90232,10411.0,1397.0,4200.0,3440.0
2012,90245,13807.0,135.0,3099.0,2736.0
2012,90247,9495.0,8926.0,21534.0,28169.0
2012,90248,2999.0,1291.0,4065.0,5614.0
2012,90250,46609.0,23319.0,48954.0,23997.0
2012,90262,21829.0,6135.0,61375.0,41770.0
2012,90265,15500.0,392.0,1213.0,1857.0
2012,90272,20757.0,250.0,1081.0,1886.0
2012,90275,26019.0,1335.0,3094.0,14549.0
2012,90280,44388.0,682.0,90003.0,49633.0
2012,90290,6341.0,229.0,598.0,413.0
2012,90291,21233.0,1740.0,4719.0,3988.0
2012,90292,17487.0,1610.0,2296.0,3253.0
2012,90293,8843.0,1049.0,1579.0,2237.0
2012,90301,13035.0,12183.0,22195.0,11947.0
2012,90302,8108.0,15101.0,13121.0,7135.0
2012,90304,9213.0,2018.0,24183.0,15967.0
2012,90305,863.0,12848.0,979.0,1185.0
2012,90402,10769.0,66.0,560.0,1516.0
2012,90403,20819.0,507.0,1669.0,2960.0
2012,90404,13745.0,1275.0,5379.0,5719.0
2012,90405,21634.0,1499.0,3754.0,4981.0
2012,90501,17597.0,2191.0,18282.0,22575.0
2012,90502,6501.0,1423.0,6560.0,8921.0
2012,90504,12720.0,1397.0,6501.0,17533.0
2012,90710,16391.0,3172.0,13474.0,7923.0
2012,90717,13261.0,428.0,7999.0,7658.0
2012,90731,43102.0,4814.0,29695.0,11354.0
2012,90732,15934.0,939.0,5344.0,3022.0
2012,90744,43654.0,1628.0,51654.0,12159.0
2012,90745,21588.0,3562.0,25599.0,32940.0
2012,90802,21976.0,6338.0,14935.0,10703.0
2012,90810,16221.0,4302.0,19621.0,16412.0
2012,90813,33431.0,6966.0,38331.0,18322.0
2012,91011,14367.0,34.0,1369.0,6067.0
2012,91030,14551.0,520.0,5652.0,10532.0
2012,91040,14887.0,175.0,5504.0,4841.0
2012,91042,20165.0,672.0,7116.0,7429.0
2012,91105,8369.0,425.0,1319.0,2097.0
2012,91201,19278.0,376.0,3578.0,4017.0
2012,91204,11480.0,394.0,5397.0,4367.0
2012,91205,28440.0,703.0,9637.0,9219.0
2012,91206,24516.0,589.0,4954.0,7369.0
2012,91214,19820.0,234.0,3641.0,11425.0
2012,91302,20460.0,865.0,1670.0,3585.0
2012,91303,14103.0,781.0,16540.0,11729.0
2012,91304,25118.0,1960.0,23000.0,25829.0
2012,91306,21022.0,2309.0,22252.0,23717.0
2012,91307,19049.0,696.0,3356.0,5238.0
2012,91311,24841.0,1584.0,7875.0,11520.0
2012,91316,21309.0,1448.0,2908.0,3611.0
2012,91321,25900.0,878.0,15813.0,8370.0
2012,91324,15506.0,1418.0,9957.0,9818.0
2012,91325,19232.0,2591.0,9690.0,11445.0
2012,91326,21131.0,1825.0,4844.0,12735.0
2012,91330,571.0,298.0,359.0,601.0
2012,91331,55622.0,3362.0,84108.0,37981.0
2012,91335,45288.0,2530.0,37453.0,26823.0
2012,91340,23825.0,674.0,32067.0,10708.0
2012,91342,53924.0,4129.0,65722.0,30948.0
2012,91343,30767.0,2311.0,36727.0,27681.0
2012,91344,34411.0,2025.0,15685.0,16578.0
2012,91345,10394.0,805.0,11610.0,7455.0
2012,91352,30504.0,1002.0,32597.0,13988.0
2012,91356,23158.0,1203.0,4794.0,5229.0
2012,91364,21123.0,1150.0,2843.0,3674.0
2012,91367,28893.0,2698.0,4674.0,8732.0
2012,91371,0.0,0.0,0.0,0.0
2012,91401,26329.0,2276.0,17554.0,11480.0
2012,91402,28713.0,2369.0,51947.0,39667.0
2012,91403,18460.0,1204.0,2041.0,3713.0
2012,91405,24484.0,2537.0,32881.0,27164.0
2012,91406,26173.0,2848.0,28511.0,24108.0
2012,91411,16659.0,992.0,12019.0,6057.0
2012,91423,24972.0,1653.0,4264.0,4321.0
2012,91436,12423.0,236.0,1291.0,1849.0
2012,91501,16343.0,269.0,3777.0,3934.0
2012,91504,19063.0,494.0,6556.0,5970.0
2012,91505,23687.0,521.0,7888.0,6355.0
2012,91506,13383.0,338.0,5453.0,5185.0
2012,91601,25480.0,3260.0,15279.0,8350.0
2012,91602,13134.0,951.0,2748.0,3030.0
2012,91604,23822.0,1231.0,2476.0,3270.0
2012,91605,27739.0,1763.0,35625.0,25811.0
2012,91606,27089.0,1900.0,26951.0,17891.0
2012,91607,22581.0,1645.0,5255.0,4595.0
2012,91608,0.0,0.0,0.0,0.0
2012,91754,6860.0,144.0,10958.0,26048.0
2012,91801,15857.0,972.0,17554.0,37135.0
2012,91803,8715.0,486.0,10643.0,20370.0
2013,90001,32886.0,4658.0,49567.0,17216.0
2013,90002,26383.0,12892.0,35974.0,10200.0
2013,90003,17985.0,16990.0,48400.0,31225.0
2013,90004,21165.0,1972.0,32272.0,39623.0
2013,90005,8196.0,1965.0,21580.0,29387.0
2013,90006,13080.0,1909.0,44156.0,44509.0
2013,90007,14699.0,4281.0,22763.0,24193.0
2013,90008,3684.0,22867.0,7621.0,6729.0
2013,90010,813.0,60.0,408.0,3260.0
2013,90011,28161.0,7641.0,91354.0,65080.0
2013,90012,8475.0,3261.0,8081.0,17792.0
2013,90013,3343.0,3509.0,1918.0,3404.0
2013,90014,2766.0,1466.0,1139.0,1776.0
2013,90015,6210.0,1180.0,12581.0,10968.0
2013,90016,11746.0,18513.0,24677.0,17014.0
2013,90017,6404.0,1157.0,16792.0,16194.0
2013,90018,8483.0,16171.0,27542.0,23844.0
2013,90019,24788.0,14332.0,29669.0,26288.0
2013,90020,9313.0,2434.0,14108.0,28119.0
2013,90021,1105.0,764.0,1403.0,1071.0
2013,90023,19913.0,357.0,43611.0,24856.0
2013,90024,31424.0,1393.0,4605.0,18147.0
2013,90025,26673.0,1227.0,7747.0,15655.0
2013,90026,43685.0,2027.0,39856.0,23014.0
2013,90027,30895.0,1343.0,10125.0,13704.0
2013,90028,16520.0,1829.0,9312.0,9802.0
2013,90029,16655.0,1327.0,24222.0,22226.0
2013,90031,14195.0,493.0,26990.0,25364.0
2013,90032,26842.0,903.0,38747.0,20039.0
2013,90033,25094.0,669.0,44725.0,23286.0
2013,90034,35220.0,5382.0,17044.0,18101.0
2013,90035,21964.0,2964.0,3307.0,6071.0
2013,90036,23018.0,1932.0,3151.0,11151.0
2013,90037,10841.0,12511.0,47360.0,38493.0
2013,90038,11764.0,1743.0,17563.0,16329.0
2013,90039,15888.0,661.0,10457.0,10500.0
2013,90041,15700.0,478.0,11176.0,12025.0
2013,90042,33033.0,1776.0,41103.0,25814.0
2013,90043,6855.0,27666.0,12698.0,9006.0
2013,90044,22508.0,32696.0,52299.0,32386.0
2013,90045,25085.0,5785.0,7102.0,9402.0
2013,90046,40590.0,2039.0,5322.0,7870.0
2013,90047,7087.0,32556.0,13892.0,7890.0
2013,90048,17559.0,437.0,1613.0,3320.0
2013,90049,30105.0,254.0,2250.0,4951.0
2013,90056,1065.0,6828.0,302.0,643.0
2013,90057,10730.0,2282.0,31266.0,32380.0
2013,90058,1158.0,363.0,2441.0,1459.0
2013,90059,16416.0,13719.0,26964.0,11696.0
2013,90061,10431.0,10023.0,17144.0,7003.0
2013,90062,5022.0,11571.0,19624.0,15857.0
2013,90063,24434.0,230.0,52741.0,29496.0
2013,90064,18760.0,803.0,3789.0,6540.0
2013,90065,20812.0,960.0,28980.0,23470.0
2013,90066,37393.0,2905.0,18298.0,18733.0
2013,90067,1920.0,6.0,57.0,386.0
2013,90068,17496.0,1114.0,2085.0,3433.0
2013,90069,16652.0,850.0,2538.0,3229.0
2013,90071,0.0,0.0,0.0,0.0
2013,90073,294.0,357.0,126.0,122.0
2013,90077,7495.0,113.0,427.0,898.0
2013,90079,0.0,0.0,0.0,0.0
2013,90089,1728.0,75.0,355.0,1473.0
2013,90090,0.0,0.0,0.0,0.0
2013,90094,3044.0,703.0,228.0,2105.0
2013,90095,0.0,0.0,0.0,0.0
2013,90210,18941.0,375.0,1403.0,2232.0
2013,90211,6101.0,195.0,489.0,1452.0
2013,90212,9985.0,389.0,663.0,2136.0
2013,90230,19454.0,3023.0,10667.0,9858.0
2013,90232,10652.0,1406.0,4677.0,3396.0
2013,90245,13651.0,187.0,3008.0,2922.0
2013,90247,10296.0,8968.0,21458.0,28097.0
2013,90248,2901.0,1437.0,3921.0,5484.0
2013,90250,46034.0,22500.0,49389.0,25460.0
2013,90262,25467.0,6241.0,61769.0,38429.0
2013,90265,15029.0,334.0,1346.0,2267.0
2013,90272,20734.0,254.0,1193.0,1791.0
2013,90275,26275.0,1056.0,3479.0,14720.0
2013,90280,45141.0,748.0,90985.0,49111.0
2013,90290,6468.0,39.0,653.0,586.0
2013,90291,21738.0,1507.0,5263.0,4008.0
2013,90292,17068.0,1161.0,2158.0,3307.0
2013,90293,8862.0,934.0,1717.0,2607.0
2013,90301,12910.0,11565.0,22801.0,12323.0
2013,90302,8765.0,15134.0,13053.0,6603.0
2013,90304,9117.0,1825.0,25190.0,17159.0
2013,90305,1337.0,12206.0,1550.0,1271.0
2013,90402,10141.0,104.0,762.0,1504.0
2013,90403,21297.0,544.0,1713.0,3023.0
2013,90404,14043.0,1419.0,5554.0,5345.0
2013,90405,22439.0,1199.0,4016.0,4922.0
2013,90501,17758.0,2699.0,18164.0,21916.0
2013,90502,6366.0,1372.0,5943.0,9209.0
2013,90504,12543.0,1400.0,6181.0,17690.0
2013,90710,14806.0,2915.0,13172.0,9109.0
2013,90717,13321.0,544.0,7988.0,7594.0
2013,90731,43751.0,4890.0,32326.0,12791.0
2013,90732,15534.0,576.0,5336.0,3541.0
2013,90744,42443.0,1604.0,51253.0,13311.0
2013,90745,20875.0,3903.0,26087.0,33384.0
2013,90802,22185.0,6924.0,14797.0,10188.0
2013,90810,14381.0,4887.0,18148.0,16845.0
2013,90813,31232.0,6747.0,38825.0,21199.0
2013,91011,14195.0,44.0,1040.0,6351.0
2013,91030,14351.0,566.0,5230.0,10830.0
2013,91040,15159.0,363.0,4873.0,3774.0
2013,91042,20777.0,733.0,8043.0,7215.0
2013,91105,8577.0,612.0,1339.0,2212.0
2013,91201,18714.0,281.0,4383.0,4277.0
2013,91204,11356.0,394.0,5248.0,4174.0
2013,91205,28780.0,937.0,9688.0,8787.0
2013,91206,24894.0,505.0,4535.0,7615.0
2013,91214,20091.0,184.0,3701.0,11378.0
2013,91302,20999.0,698.0,1788.0,3373.0
2013,91303,16286.0,1100.0,16575.0,9358.0
2013,91304,26111.0,1793.0,23393.0,25290.0
2013,91306,20979.0,2587.0,22849.0,24313.0
2013,91307,18597.0,621.0,3337.0,6278.0
2013,91311,23816.0,1520.0,8851.0,12781.0
2013,91316,22893.0,1063.0,3470.0,3780.0
2013,91321,25150.0,1006.0,16380.0,9087.0
2013,91324,14500.0,1633.0,11039.0,11171.0
2013,91325,19330.0,2507.0,9805.0,11284.0
2013,91326,20977.0,1632.0,4655.0,13291.0
2013,91330,830.0,349.0,606.0,959.0
2013,91331,59789.0,3370.0,87560.0,37376.0
2013,91335,51676.0,2237.0,40567.0,22703.0
2013,91340,23750.0,973.0,31154.0,10438.0
2013,91342,55965.0,3556.0,67663.0,30165.0
2013,91343,33597.0,2047.0,38048.0,26677.0
2013,91344,34458.0,2280.0,15992.0,16154.0
2013,91345,10434.0,725.0,11601.0,7095.0
2013,91352,34950.0,943.0,32978.0,10441.0
2013,91356,23175.0,1114.0,4978.0,5801.0
2013,91364,20809.0,1085.0,3056.0,4077.0
2013,91367,28726.0,2766.0,4798.0,9014.0
2013,91371,0.0,0.0,0.0,0.0
2013,91401,25388.0,2215.0,17367.0,11863.0
2013,91402,30065.0,2134.0,51667.0,39287.0
2013,91403,19152.0,987.0,1751.0,3533.0
2013,91405,25564.0,2168.0,32949.0,26703.0
2013,91406,26698.0,2860.0,28930.0,23124.0
2013,91411,17514.0,1026.0,12668.0,6006.0
2013,91423,25063.0,1316.0,4374.0,5087.0
2013,91436,12604.0,143.0,749.0,1400.0
2013,91501,15974.0,376.0,3731.0,4048.0
2013,91504,19125.0,498.0,6390.0,5605.0
2013,91505,24058.0,564.0,8378.0,7014.0
2013,91506,13030.0,307.0,5066.0,4923.0
2013,91601,26038.0,3206.0,15661.0,8563.0
2013,91602,13442.0,1076.0,2673.0,3253.0
2013,91604,23890.0,1291.0,2864.0,3287.0
2013,91605,30156.0,2102.0,36280.0,23535.0
2013,91606,25511.0,2045.0,25735.0,18232.0
2013,91607,22542.0,2049.0,5888.0,4402.0
2013,91608,0.0,0.0,0.0,0.0
2013,91754,6577.0,164.0,11043.0,26875.0
2013,91801,14360.0,890.0,18486.0,38926.0
2013,91803,8142.0,342.0,10728.0,21107.0
2014,90001,28097.0,5330.0,50578.0,22887.0
2014,90002,24235.0,12316.0,37165.0,13547.0
2014,90003,14979.0,16486.0,49590.0,35448.0
2014,90004,21951.0,2271.0,32302.0,39325.0
2014,90005,7554.0,1654.0,20398.0,29430.0
2014,90006,11092.0,1990.0,45804.0,48337.0
2014,90007,12602.0,4436.0,22815.0,26741.0
2014,90008,4010.0,22878.0,7322.0,6124.0
2014,90010,747.0,69.0,330.0,2976.0
2014,90011,30170.0,8250.0,93072.0,64506.0
2014,90012,8562.0,3534.0,7804.0,17933.0
2014,90013,3385.0,3453.0,1922.0,3737.0
2014,90014,3298.0,1300.0,1196.0,2061.0
2014,90015,5777.0,1164.0,12098.0,11285.0
2014,90016,13618.0,18016.0,25136.0,16152.0
2014,90017,7251.0,1204.0,16045.0,15264.0
2014,90018,9921.0,15701.0,28463.0,23230.0
2014,90019,25153.0,14410.0,31708.0,28043.0
2014,90020,9763.0,2048.0,14106.0,27291.0
2014,90021,1112.0,735.0,1465.0,1066.0
2014,90023,23679.0,527.0,44070.0,21680.0
2014,90024,30419.0,1418.0,4554.0,18280.0
2014,90025,28250.0,873.0,8411.0,16161.0
2014,90026,44464.0,2077.0,37770.0,21445.0
2014,90027,30595.0,1272.0,9789.0,14158.0
2014,90028,17966.0,1965.0,9962.0,10063.0
2014,90029,17533.0,1220.0,23233.0,21408.0
2014,90031,14751.0,543.0,26426.0,24039.0
2014,90032,24778.0,818.0,38681.0,21713.0
2014,90033,26976.0,722.0,44246.0,20869.0
2014,90034,35974.0,5052.0,17704.0,17942.0
2014,90035,22568.0,2752.0,3291.0,6079.0
2014,90036,23883.0,1320.0,3451.0,11222.0
2014,90037,12350.0,11990.0,47278.0,37196.0
2014,90038,11572.0,1518.0,16571.0,15708.0
2014,90039,15560.0,641.0,10923.0,11642.0
2014,90041,15452.0,403.0,10531.0,12584.0
2014,90042,31749.0,1843.0,41891.0,27442.0
2014,90043,7304.0,26307.0,13224.0,9507.0
2014,90044,25964.0,32573.0,53605.0,29875.0
2014,90045,25528.0,5756.0,7119.0,10169.0
2014,90046,41040.0,2061.0,5121.0,8228.0
2014,90047,7565.0,30916.0,14632.0,8518.0
2014,90048,18325.0,548.0,1665.0,3536.0
2014,90049,30059.0,267.0,2301.0,4936.0
2014,90056,1008.0,6355.0,421.0,1017.0
2014,90057,10619.0,2277.0,31984.0,32851.0
2014,90058,972.0,403.0,2146.0,1373.0
2014,90059,16221.0,13999.0,27411.0,12250.0
2014,90061,10022.0,10579.0,17684.0,8040.0
2014,90062,5228.0,11790.0,19775.0,15657.0
2014,90063,24236.0,314.0,52623.0,29803.0
2014,90064,18372.0,765.0,3623.0,6651.0
2014,90065,21725.0,769.0,29048.0,23760.0
2014,90066,36669.0,2884.0,17985.0,18784.0
2014,90067,1961.0,6.0,32.0,397.0
2014,90068,16926.0,1168.0,2107.0,3849.0
2014,90069,15988.0,660.0,2824.0,3778.0
2014,90071,0.0,0.0,0.0,0.0
2014,90073,412.0,259.0,146.0,130.0
2014,90077,7266.0,132.0,559.0,930.0
2014,90079,0.0,0.0,0.0,0.0
2014,90089,1698.0,70.0,358.0,1558.0
2014,90090,0.0,0.0,0.0,0.0
2014,90094,2949.0,841.0,477.0,2272.0
2014,90095,0.0,0.0,0.0,0.0
2014,90210,18514.0,251.0,1440.0,2713.0
2014,90211,6620.0,125.0,476.0,1335.0
2014,90212,9665.0,322.0,796.0,2428.0
2014,90230,19935.0,2344.0,11256.0,10811.0
2014,90232,11091.0,1230.0,4436.0,3032.0
2014,90245,13882.0,226.0,3004.0,2731.0
2014,90247,11409.0,9827.0,21205.0,26138.0
2014,90248,3085.0,1555.0,4188.0,5296.0
2014,90250,45142.0,22713.0,50719.0,27368.0
2014,90262,28659.0,6114.0,62705.0,35877.0
2014,90265,15213.0,333.0,1426.0,2114.0
2014,90272,20929.0,297.0,1052.0,2271.0
2014,90275,26232.0,1112.0,3306.0,15076.0
2014,90280,46728.0,886.0,91292.0,47901.0
2014,90290,6110.0,101.0,697.0,691.0
2014,90291,22235.0,1483.0,4957.0,4085.0
2014,90292,17225.0,1027.0,1942.0,3255.0
2014,90293,8293.0,985.0,1874.0,2719.0
2014,90301,12856.0,11078.0,23022.0,12780.0
2014,90302,8453.0,14763.0,12861.0,7003.0
2014,90304,10976.0,1533.0,24565.0,14427.0
2014,90305,1501.0,12666.0,1777.0,1334.0
2014,90402,10132.0,150.0,651.0,1221.0
2014,90403,21273.0,588.0,1893.0,3255.0
2014,90404,15557.0,1484.0,5644.0,4600.0
2014,90405,22525.0,1131.0,4132.0,4879.0
2014,90501,17923.0,2643.0,18749.0,22841.0
2014,90502,6209.0,1512.0,5888.0,9414.0
2014,90504,13096.0,1250.0,6623.0,18431.0
2014,90710,14184.0,2875.0,13223.0,10491.0
2014,90717,13138.0,600.0,7844.0,7874.0
2014,90731,42331.0,4454.0,33033.0,15563.0
2014,90732,14835.0,539.0,5139.0,4436.0
2014,90744,42040.0,1504.0,51978.0,14517.0
2014,90745,19509.0,4210.0,24934.0,34008.0
2014,90802,21661.0,6693.0,14331.0,10462.0
2014,90810,15365.0,4369.0,18350.0,17002.0
2014,90813,31721.0,6787.0,40075.0,21509.0
2014,91011,14118.0,43.0,1414.0,6510.0
2014,91030,14212.0,547.0,5554.0,11155.0
2014,91040,16575.0,268.0,5345.0,3174.0
2014,91042,20072.0,763.0,7544.0,7291.0
2014,91105,7945.0,563.0,1743.0,2865.0
2014,91201,18219.0,380.0,3891.0,4386.0
2014,91204,10842.0,407.0,5518.0,5043.0
2014,91205,28922.0,738.0,9694.0,8478.0
2014,91206,25111.0,344.0,4913.0,8251.0
2014,91214,19914.0,115.0,3658.0,11049.0
2014,91302,20849.0,510.0,1562.0,3806.0
2014,91303,18335.0,1062.0,17349.0,8430.0
2014,91304,26386.0,1957.0,23013.0,25174.0
2014,91306,20931.0,2434.0,23983.0,25342.0
2014,91307,18319.0,713.0,3805.0,6565.0
2014,91311,24007.0,1207.0,8852.0,12555.0
2014,91316,22794.0,1158.0,3506.0,4238.0
2014,91321,24577.0,1077.0,16095.0,8922.0
2014,91324,15125.0,1927.0,11587.0,12126.0
2014,91325,19146.0,2676.0,10173.0,11001.0
2014,91326,20601.0,1447.0,5095.0,13976.0
2014,91330,1100.0,371.0,848.0,1237.0
2014,91331,64002.0,3446.0,89237.0,34919.0
2014,91335,55393.0,2182.0,41553.0,20377.0
2014,91340,23761.0,974.0,31987.0,10720.0
2014,91342,62822.0,3779.0,68783.0,25100.0
2014,91343,33295.0,2353.0,37322.0,26328.0
2014,91344,33728.0,2223.0,15938.0,17214.0
2014,91345,10497.0,396.0,12167.0,7303.0
2014,91352,35902.0,1036.0,33314.0,9936.0
2014,91356,22445.0,1207.0,5561.0,6195.0
2014,91364,20797.0,1690.0,3322.0,4488.0
2014,91367,30299.0,2210.0,4509.0,9520.0
2014,91371,0.0,0.0,0.0,0.0
2014,91401,23615.0,2594.0,17984.0,14294.0
2014,91402,33377.0,1861.0,51332.0,35543.0
2014,91403,19785.0,1078.0,2051.0,3490.0
2014,91405,22932.0,2232.0,31768.0,28242.0
2014,91406,26256.0,2857.0,28854.0,24415.0
2014,91411,17605.0,1184.0,12233.0,5357.0
2014,91423,26170.0,1283.0,4408.0,4677.0
2014,91436,12736.0,202.0,626.0,1625.0
2014,91501,14759.0,481.0,3490.0,4589.0
2014,91504,18404.0,362.0,6666.0,6778.0
2014,91505,23311.0,657.0,8390.0,7165.0
2014,91506,13412.0,323.0,4933.0,4693.0
2014,91601,25935.0,3455.0,15901.0,9391.0
2014,91602,13637.0,1245.0,2949.0,3433.0
2014,91604,23719.0,1774.0,2895.0,3579.0
2014,91605,30950.0,2148.0,35487.0,22962.0
2014,91606,26449.0,2191.0,25617.0,16827.0
2014,91607,22920.0,2416.0,6228.0,4255.0
2014,91608,0.0,0.0,0.0,0.0
2014,91754,6756.0,190.0,11536.0,26676.0
2014,91801,12326.0,940.0,17830.0,40526.0
2014,91803,8061.0,249.0,11971.0,22276.0
2015,90001,24493.0,5090.0,51728.0,27644.0
2015,90002,22314.0,11741.0,38049.0,16571.0
2015,90003,16585.0,16155.0,52803.0,36762.0
2015,90004,24415.0,2323.0,32690.0,37270.0
2015,90005,7185.0,2139.0,19944.0,29655.0
2015,90006,11569.0,1973.0,45635.0,48083.0
2015,90007,12434.0,4417.0,22150.0,26575.0
2015,90008,4317.0,21580.0,7424.0,5940.0
2015,90010,681.0,150.0,360.0,2909.0
2015,90011,37008.0,8960.0,93520.0,58090.0
2015,90012,9390.0,3567.0,8453.0,17903.0
2015,90013,3961.0,3614.0,1872.0,3724.0
2015,90014,3499.0,1345.0,1366.0,2162.0
2015,90015,6199.0,1459.0,11984.0,11109.0
2015,90016,14763.0,17343.0,25531.0,15484.0
2015,90017,7318.0,1235.0,16240.0,15783.0
2015,90018,9953.0,16487.0,28396.0,23384.0
2015,90019,26069.0,13813.0,31874.0,27671.0
2015,90020,11213.0,2174.0,13757.0,26479.0
2015,90021,1074.0,676.0,1547.0,1220.0
2015,90023,26052.0,487.0,44698.0,19749.0
2015,90024,29712.0,1053.0,5347.0,19928.0
2015,90025,29579.0,1149.0,7653.0,15379.0
2015,90026,42330.0,2114.0,37674.0,24076.0
2015,90027,31282.0,1277.0,10555.0,14087.0
2015,90028,17376.0,2093.0,9931.0,10911.0
2015,90029,17207.0,1359.0,22451.0,21906.0
2015,90031,14861.0,291.0,26755.0,24270.0
2015,90032,22642.0,929.0,37960.0,23528.0
2015,90033,29225.0,694.0,44060.0,18358.0
2015,90034,35021.0,5231.0,16741.0,17817.0
2015,90035,22445.0,2500.0,3206.0,5907.0
2015,90036,25531.0,1392.0,3503.0,10717.0
2015,90037,14854.0,12773.0,47950.0,35245.0
2015,90038,11943.0,1526.0,16201.0,15108.0
2015,90039,15292.0,682.0,10686.0,12175.0
2015,90041,15476.0,353.0,11453.0,12967.0
2015,90042,30230.0,1783.0,43304.0,30637.0
2015,90043,6582.0,26726.0,13099.0,9821.0
2015,90044,22942.0,32094.0,54635.0,33939.0
2015,90045,24785.0,5812.0,7613.0,11325.0
2015,90046,40855.0,2159.0,6143.0,8637.0
2015,90047,8175.0,31891.0,15137.0,8612.0
2015,90048,17962.0,566.0,1668.0,3970.0
2015,90049,29925.0,507.0,2230.0,4995.0
2015,90056,1050.0,6552.0,360.0,935.0
2015,90057,10421.0,2321.0,31585.0,33767.0
2015,90058,972.0,231.0,2171.0,1477.0
2015,90059,18006.0,14227.0,29422.0,12415.0
2015,90061,10425.0,9653.0,18099.0,8057.0
2015,90062,5748.0,11372.0,20599.0,16233.0
2015,90063,22586.0,296.0,52132.0,30931.0
2015,90064,18742.0,856.0,3474.0,6786.0
2015,90065,23550.0,947.0,29007.0,22407.0
2015,90066,37269.0,2596.0,18352.0,19259.0
2015,90067,1786.0,0.0,16.0,544.0
2015,90068,16471.0,961.0,2097.0,3801.0
2015,90069,15690.0,902.0,2808.0,3540.0
2015,90071,0.0,0.0,0.0,0.0
2015,90073,355.0,350.0,150.0,157.0
2015,90077,7498.0,212.0,573.0,1134.0
2015,90079,0.0,0.0,0.0,0.0
2015,90089,1598.0,129.0,327.0,1607.0
2015,90090,0.0,0.0,0.0,0.0
2015,90094,3314.0,987.0,664.0,2557.0
2015,90095,0.0,0.0,0.0,0.0
2015,90210,18605.0,298.0,1387.0,3149.0
2015,90211,6091.0,112.0,537.0,1327.0
2015,90212,9986.0,284.0,873.0,2307.0
2015,90230,20072.0,2710.0,10321.0,9196.0
2015,90232,11311.0,1119.0,4319.0,3278.0
2015,90245,13484.0,235.0,3223.0,3210.0
2015,90247,11457.0,8968.0,22847.0,27607.0
2015,90248,3209.0,1726.0,4183.0,5231.0
2015,90250,40877.0,21595.0,51851.0,33467.0
2015,90262,33474.0,6293.0,62882.0,31396.0
2015,90265,15837.0,370.0,1768.0,2051.0
2015,90272,20763.0,318.0,1224.0,2853.0
2015,90275,25823.0,1204.0,3862.0,15566.0
2015,90280,51520.0,967.0,91065.0,42863.0
2015,90290,5854.0,131.0,522.0,493.0
2015,90291,21692.0,1515.0,5010.0,3960.0
2015,90292,16811.0,1313.0,1959.0,3555.0
2015,90293,8874.0,679.0,1805.0,2905.0
2015,90301,12307.0,11221.0,23033.0,12832.0
2015,90302,9149.0,14665.0,13027.0,6668.0
2015,90304,11346.0,1515.0,24503.0,13993.0
2015,90305,1650.0,12582.0,2016.0,1433.0
2015,90402,10150.0,118.0,715.0,1393.0
2015,90403,20359.0,725.0,2105.0,3332.0
2015,90404,15974.0,1591.0,6128.0,4516.0
2015,90405,23230.0,1115.0,4452.0,4570.0
2015,90501,18556.0,2651.0,17598.0,21938.0
2015,90502,5571.0,1503.0,6427.0,10511.0
2015,90504,13044.0,1361.0,7416.0,18874.0
2015,90710,12353.0,3373.0,12560.0,11731.0
2015,90717,13283.0,551.0,7517.0,7982.0
2015,90731,39807.0,4758.0,33488.0,17463.0
2015,90732,15532.0,657.0,6104.0,5228.0
2015,90744,37931.0,1266.0,52183.0,18766.0
2015,90745,19612.0,3777.0,25793.0,34797.0
2015,90802,22640.0,6855.0,14164.0,9660.0
2015,90810,14713.0,4532.0,17628.0,17691.0
2015,90813,30544.0,6934.0,39235.0,22600.0
2015,91011,13790.0,49.0,1638.0,6882.0
2015,91030,14138.0,510.0,5289.0,11319.0
2015,91040,16388.0,379.0,5126.0,3202.0
2015,91042,19809.0,441.0,7641.0,7048.0
2015,91105,7664.0,699.0,1851.0,3050.0
2015,91201,18130.0,346.0,4118.0,4616.0
2015,91204,10933.0,477.0,5549.0,5643.0
2015,91205,28130.0,778.0,9474.0,9414.0
2015,91206,25216.0,428.0,4866.0,8394.0
2015,91214,19525.0,127.0,3444.0,11313.0
2015,91302,20908.0,573.0,1521.0,3950.0
2015,91303,18199.0,1292.0,19199.0,9980.0
2015,91304,26323.0,1876.0,23233.0,25654.0
2015,91306,20837.0,1974.0,25414.0,26721.0
2015,91307,19169.0,684.0,4021.0,6366.0
2015,91311,24712.0,1339.0,9030.0,12454.0
2015,91316,23039.0,1274.0,3879.0,4524.0
2015,91321,24760.0,986.0,15849.0,8432.0
2015,91324,14856.0,1946.0,10585.0,11695.0
2015,91325,19738.0,2400.0,11252.0,11059.0
2015,91326,20684.0,1187.0,5580.0,15050.0
2015,91330,1246.0,447.0,1047.0,1538.0
2015,91331,67286.0,3375.0,88608.0,31605.0
2015,91335,55668.0,2589.0,41016.0,19973.0
2015,91340,22612.0,1111.0,32137.0,11758.0
2015,91342,66503.0,3279.0,70727.0,23684.0
2015,91343,31724.0,2549.0,39544.0,29876.0
2015,91344,32317.0,2221.0,16450.0,20028.0
2015,91345,10232.0,369.0,12564.0,7675.0
2015,91352,36770.0,814.0,33541.0,9959.0
2015,91356,21782.0,993.0,5961.0,6692.0
2015,91364,20811.0,1709.0,3615.0,4580.0
2015,91367,30583.0,1956.0,4747.0,10039.0
2015,91371,0.0,0.0,0.0,0.0
2015,91401,23855.0,2413.0,18186.0,14949.0
2015,91402,35643.0,1747.0,52672.0,34504.0
2015,91403,19946.0,1194.0,2037.0,3473.0
2015,91405,22006.0,2264.0,32993.0,29077.0
2015,91406,25062.0,2603.0,29630.0,26699.0
2015,91411,18720.0,1122.0,12771.0,5528.0
2015,91423,26684.0,1721.0,4509.0,4942.0
2015,91436,12600.0,150.0,633.0,1220.0
2015,91501,15557.0,557.0,3709.0,4741.0
2015,91504,17936.0,399.0,6709.0,7134.0
2015,91505,23007.0,840.0,8796.0,7426.0
2015,91506,13108.0,168.0,4915.0,4996.0
2015,91601,25892.0,3312.0,15859.0,9550.0
2015,91602,13333.0,1468.0,2743.0,3503.0
2015,91604,24602.0,1660.0,2936.0,4007.0
2015,91605,32849.0,2272.0,34550.0,20544.0
2015,91606,27058.0,2141.0,24205.0,15574.0
2015,91607,23350.0,2449.0,6691.0,4432.0
2015,91608,0.0,0.0,0.0,0.0
2015,91754,6107.0,168.0,11467.0,27734.0
2015,91801,13018.0,1090.0,18968.0,40457.0
2015,91803,7548.0,261.0,11440.0,22309.0
2016,90001,20811.0,5153.0,52223.0,31978.0
2016,90002,19573.0,11188.0,39527.0,21065.0
2016,90003,18114.0,16206.0,53630.0,35888.0
2016,90004,25611.0,2405.0,31965.0,35079.0
2016,90005,7471.0,2213.0,20199.0,29654.0
2016,90006,13274.0,2122.0,44852.0,45834.0
2016,90007,12305.0,4360.0,20939.0,25314.0
2016,90008,5590.0,21051.0,7916.0,5419.0
2016,90010,665.0,199.0,373.0,2660.0
2016,90011,37997.0,8979.0,94383.0,57786.0
2016,90012,9438.0,4074.0,9195.0,19031.0
2016,90013,4349.0,3522.0,1777.0,3797.0
2016,90014,3673.0,1293.0,1242.0,2225.0
2016,90015,6614.0,1430.0,12369.0,11334.0
2016,90016,17288.0,16197.0,24994.0,13594.0
2016,90017,8822.0,1372.0,17212.0,15578.0
2016,90018,9680.0,17413.0,29314.0,24546.0
2016,90019,24300.0,13512.0,32280.0,30718.0
2016,90020,11471.0,2139.0,13515.0,26560.0
2016,90021,1002.0,702.0,1474.0,1250.0
2016,90023,29390.0,423.0,45092.0,16798.0
2016,90024,30284.0,911.0,5509.0,18542.0
2016,90025,29304.0,1364.0,8642.0,15852.0
2016,90026,37810.0,2464.0,35953.0,27283.0
2016,90027,30711.0,1332.0,9729.0,14000.0
2016,90028,17317.0,2605.0,9983.0,11200.0
2016,90029,15565.0,975.0,22288.0,23702.0
2016,90031,14550.0,299.0,26388.0,24091.0
2016,90032,20817.0,826.0,38284.0,25642.0
2016,90033,32622.0,776.0,44679.0,15758.0
2016,90034,34131.0,5513.0,16279.0,17799.0
2016,90035,22712.0,2254.0,3209.0,5616.0
2016,90036,24798.0,1932.0,3445.0,11201.0
2016,90037,17240.0,12000.0,47157.0,32211.0
2016,90038,11694.0,1626.0,15924.0,14835.0
2016,90039,16211.0,664.0,10777.0,11561.0
2016,90041,15139.0,394.0,11013.0,12872.0
2016,90042,29517.0,1843.0,42591.0,31749.0
2016,90043,8293.0,26977.0,14151.0,9058.0
2016,90044,21737.0,31838.0,55988.0,36580.0
2016,90045,24793.0,5366.0,7336.0,10986.0
2016,90046,40364.0,2180.0,5749.0,8379.0
2016,90047,8122.0,31434.0,14912.0,8750.0
2016,90048,18182.0,558.0,2101.0,3982.0
2016,90049,30154.0,464.0,2087.0,4963.0
2016,90056,1352.0,6056.0,653.0,710.0
2016,90057,12889.0,2193.0,33618.0,33220.0
2016,90058,1131.0,212.0,2295.0,1331.0
2016,90059,17567.0,14409.0,30649.0,14051.0
2016,90061,8812.0,9643.0,17131.0,8748.0
2016,90062,6400.0,11166.0,21354.0,16124.0
2016,90063,22108.0,283.0,52181.0,31751.0
2016,90064,19412.0,1024.0,3667.0,6596.0
2016,90065,24877.0,919.0,29061.0,21169.0
2016,90066,36546.0,2054.0,17793.0,20658.0
2016,90067,1831.0,6.0,39.0,518.0
2016,90068,16962.0,700.0,2026.0,3788.0
2016,90069,15793.0,1020.0,2487.0,3622.0
2016,90071,0.0,0.0,0.0,0.0
2016,90073,457.0,332.0,173.0,126.0
2016,90077,7403.0,213.0,676.0,1296.0
2016,90079,0.0,0.0,0.0,0.0
2016,90089,1766.0,200.0,413.0,1714.0
2016,90090,0.0,0.0,0.0,0.0
2016,90094,4064.0,1053.0,857.0,2955.0
2016,90095,0.0,0.0,0.0,0.0
2016,90210,17678.0,250.0,976.0,3029.0
2016,90211,6595.0,129.0,607.0,1405.0
2016,90212,10629.0,124.0,848.0,2162.0
2016,90230,20504.0,2754.0,10800.0,9434.0
2016,90232,10088.0,994.0,3548.0,3728.0
2016,90245,13448.0,286.0,3074.0,3167.0
2016,90247,11745.0,9213.0,22540.0,26748.0
2016,90248,3365.0,1767.0,4324.0,5460.0
2016,90250,35999.0,20834.0,54079.0,40154.0
2016,90262,38824.0,6332.0,62637.0,26041.0
2016,90265,15809.0,347.0,1652.0,2238.0
2016,90272,20325.0,283.0,1077.0,2543.0
2016,90275,25851.0,944.0,4241.0,15750.0
2016,90280,55461.0,977.0,90790.0,38781.0
2016,90290,5474.0,93.0,273.0,407.0
2016,90291,22311.0,1446.0,5308.0,3520.0
2016,90292,17722.0,1444.0,1835.0,3316.0
2016,90293,8748.0,696.0,1831.0,3205.0
2016,90301,10838.0,11388.0,22777.0,14203.0
2016,90302,9203.0,15051.0,13343.0,6810.0
2016,90304,11303.0,1288.0,24573.0,14417.0
2016,90305,1870.0,12246.0,2413.0,1661.0
2016,90402,9986.0,88.0,761.0,1336.0
2016,90403,20146.0,538.0,2268.0,3855.0
2016,90404,15472.0,1560.0,6305.0,5169.0
2016,90405,22640.0,1040.0,4638.0,5181.0
2016,90501,18143.0,2679.0,18249.0,22583.0
2016,90502,5924.0,1593.0,6914.0,10338.0
2016,90504,13194.0,1055.0,8402.0,19360.0
2016,90710,11090.0,3566.0,12226.0,13258.0
2016,90717,12947.0,830.0,7216.0,7881.0
2016,90731,36240.0,4878.0,33079.0,19928.0
2016,90732,15458.0,688.0,6274.0,5617.0
2016,90744,34060.0,1014.0,51949.0,22358.0
2016,90745,18356.0,4086.0,25519.0,35343.0
2016,90802,23096.0,6689.0,14808.0,10088.0
2016,90810,14423.0,4527.0,18655.0,18472.0
2016,90813,30319.0,7070.0,39537.0,23608.0
2016,91011,13316.0,69.0,1874.0,7294.0
2016,91030,13991.0,722.0,5124.0,11192.0
2016,91040,15950.0,354.0,4625.0,3283.0
2016,91042,19924.0,550.0,7765.0,6690.0
2016,91105,7918.0,696.0,1853.0,3114.0
2016,91201,18001.0,375.0,4669.0,5134.0
2016,91204,11280.0,586.0,6073.0,5815.0
2016,91205,27270.0,950.0,9427.0,9444.0
2016,91206,25055.0,417.0,5056.0,8775.0
2016,91214,19207.0,136.0,3520.0,11592.0
2016,91302,21279.0,467.0,1675.0,4160.0
2016,91303,17802.0,1332.0,18868.0,10534.0
2016,91304,26397.0,2210.0,22172.0,24239.0
2016,91306,21484.0,1637.0,25912.0,25922.0
2016,91307,18862.0,817.0,4038.0,7024.0
2016,91311,24409.0,1506.0,9313.0,12564.0
2016,91316,24091.0,1076.0,4325.0,4318.0
2016,91321,24914.0,946.0,16511.0,8804.0
2016,91324,15879.0,2412.0,10580.0,11398.0
2016,91325,19482.0,2787.0,10870.0,11289.0
2016,91326,19985.0,1193.0,4557.0,14990.0
2016,91330,1337.0,417.0,1129.0,1574.0
2016,91331,60854.0,3442.0,87635.0,37240.0
2016,91335,54974.0,3535.0,41565.0,21652.0
2016,91340,21618.0,1044.0,32641.0,13019.0
2016,91342,68705.0,3705.0,72845.0,22812.0
2016,91343,30662.0,2530.0,38924.0,31131.0
2016,91344,31416.0,2198.0,17110.0,19676.0
2016,91345,10646.0,344.0,13005.0,7773.0
2016,91352,35884.0,793.0,34164.0,10402.0
2016,91356,22641.0,1089.0,5158.0,5998.0
2016,91364,21458.0,1510.0,3827.0,4639.0
2016,91367,30488.0,1750.0,4902.0,10081.0
2016,91371,0.0,0.0,0.0,0.0
2016,91401,24253.0,2158.0,18366.0,14608.0
2016,91402,33571.0,1895.0,52641.0,36299.0
2016,91403,19888.0,1484.0,2266.0,3207.0
2016,91405,22261.0,2000.0,34059.0,30095.0
2016,91406,24937.0,2653.0,31543.0,27795.0
2016,91411,18028.0,1242.0,12613.0,6020.0
2016,91423,27572.0,1840.0,4249.0,4728.0
2016,91436,12710.0,161.0,649.0,1482.0
2016,91501,15062.0,552.0,2854.0,4496.0
2016,91504,17873.0,586.0,6316.0,8374.0
2016,91505,22387.0,936.0,8257.0,7662.0
2016,91506,13508.0,171.0,4988.0,4446.0
2016,91601,25770.0,3022.0,15269.0,10526.0
2016,91602,13869.0,1329.0,2621.0,3417.0
2016,91604,24788.0,1590.0,2975.0,4008.0
2016,91605,33441.0,2179.0,33841.0,19757.0
2016,91606,28500.0,2066.0,24471.0,14474.0
2016,91607,24618.0,2213.0,7437.0,4574.0
2016,91608,0.0,0.0,0.0,0.0
2016,91754,5280.0,125.0,10908.0,28109.0
2016,91801,12028.0,1306.0,20118.0,41931.0
2016,91803,7303.0,257.0,11171.0,21942.0
2017,90001,19012.0,5383.0,52771.0,34343.0
2017,90002,19918.0,11401.0,40393.0,21537.0
2017,90003,20983.0,15778.0,54113.0,33729.0
2017,90004,23687.0,2544.0,32214.0,36502.0
2017,90005,8045.0,2464.0,19591.0,29053.0
2017,90006,16303.0,2090.0,46039.0,43936.0
2017,90007,12299.0,4519.0,20483.0,24403.0
2017,90008,5944.0,21592.0,7520.0,4823.0
2017,90010,867.0,180.0,393.0,2712.0
2017,90011,44204.0,9040.0,97454.0,54807.0
2017,90012,9657.0,4299.0,9644.0,19827.0
2017,90013,4267.0,3676.0,1954.0,4014.0
2017,90014,3800.0,1305.0,1318.0,2303.0
2017,90015,6746.0,1368.0,13033.0,12073.0
2017,90016,18165.0,15266.0,24579.0,12872.0
2017,90017,9771.0,1415.0,17274.0,15204.0
2017,90018,10138.0,16300.0,30542.0,25849.0
2017,90019,22307.0,12763.0,32146.0,32345.0
2017,90020,10023.0,1924.0,12537.0,27244.0
2017,90021,1182.0,712.0,1517.0,1264.0
2017,90023,31978.0,459.0,45724.0,14792.0
2017,90024,29866.0,1040.0,6141.0,18812.0
2017,90025,29585.0,1469.0,8493.0,16399.0
2017,90026,35056.0,2734.0,36000.0,30819.0
2017,90027,30666.0,1129.0,9531.0,13821.0
2017,90028,17480.0,2797.0,9159.0,10777.0
2017,90029,14832.0,1124.0,20876.0,22887.0
2017,90031,14204.0,359.0,26083.0,24540.0
2017,90032,20915.0,733.0,38474.0,26118.0
2017,90033,34717.0,797.0,44016.0,13327.0
2017,90034,32939.0,5495.0,15258.0,17636.0
2017,90035,22383.0,2199.0,3283.0,5338.0
2017,90036,24964.0,1865.0,3495.0,11287.0
2017,90037,20313.0,11420.0,49479.0,31505.0
2017,90038,11555.0,1606.0,15668.0,14796.0
2017,90039,17255.0,456.0,11079.0,11381.0
2017,90041,14047.0,383.0,10761.0,14221.0
2017,90042,29633.0,1677.0,42600.0,32478.0
2017,90043,8726.0,26750.0,15128.0,9095.0
2017,90044,25246.0,32579.0,60011.0,36855.0
2017,90045,24693.0,5494.0,7342.0,11233.0
2017,90046,40771.0,2680.0,5273.0,8164.0
2017,90047,7931.0,31267.0,15413.0,9293.0
2017,90048,18360.0,704.0,1987.0,3796.0
2017,90049,30773.0,520.0,2092.0,5069.0
2017,90056,1426.0,5618.0,667.0,970.0
2017,90057,15077.0,2340.0,34052.0,31972.0
2017,90058,1760.0,205.0,2870.0,1224.0
2017,90059,17291.0,14700.0,31765.0,15360.0
2017,90061,10305.0,9105.0,18225.0,8593.0
2017,90062,6719.0,11039.0,21266.0,15869.0
2017,90063,21948.0,263.0,51481.0,31345.0
2017,90064,18643.0,993.0,3123.0,6371.0
2017,90065,25413.0,938.0,29960.0,22069.0
2017,90066,36591.0,2449.0,18077.0,20707.0
2017,90067,1582.0,17.0,30.0,636.0
2017,90068,17397.0,680.0,2315.0,3649.0
2017,90069,15839.0,706.0,2484.0,3856.0
2017,90071,0.0,0.0,0.0,0.0
2017,90073,455.0,323.0,175.0,166.0
2017,90077,7398.0,247.0,599.0,1291.0
2017,90079,0.0,0.0,0.0,0.0
2017,90089,1922.0,244.0,434.0,1680.0
2017,90090,0.0,0.0,0.0,0.0
2017,90094,4654.0,944.0,910.0,2970.0
2017,90095,0.0,0.0,0.0,0.0
2017,90210,17098.0,188.0,804.0,2730.0
2017,90211,6464.0,170.0,698.0,1385.0
2017,90212,10739.0,181.0,871.0,2287.0
2017,90230,19964.0,2520.0,10391.0,10173.0
2017,90232,9973.0,934.0,3889.0,3958.0
2017,90245,12844.0,296.0,3024.0,3789.0
2017,90247,12318.0,8711.0,23192.0,26940.0
2017,90248,3506.0,1633.0,4475.0,5760.0
2017,90250,32811.0,21605.0,53463.0,42955.0
2017,90262,41003.0,5859.0,62744.0,24444.0
2017,90265,15676.0,359.0,1665.0,2084.0
2017,90272,20148.0,106.0,1275.0,2673.0
2017,90275,25660.0,834.0,4541.0,16112.0
2017,90280,57835.0,888.0,90884.0,36697.0
2017,90290,5115.0,88.0,253.0,511.0
2017,90291,22510.0,1563.0,5216.0,3097.0
2017,90292,17016.0,1714.0,1665.0,3598.0
2017,90293,8875.0,709.0,1716.0,3178.0
2017,90301,11052.0,11564.0,23413.0,14902.0
2017,90302,8987.0,14269.0,14015.0,7636.0
2017,90304,11587.0,876.0,23695.0,13474.0
2017,90305,1929.0,11962.0,2729.0,1683.0
2017,90402,10071.0,122.0,852.0,1488.0
2017,90403,20206.0,534.0,2421.0,4024.0
2017,90404,14839.0,1819.0,6361.0,5928.0
2017,90405,21960.0,979.0,4471.0,5366.0
2017,90501,16155.0,2904.0,18171.0,23949.0
2017,90502,5920.0,1344.0,7299.0,10746.0
2017,90504,13475.0,1178.0,8331.0,18769.0
2017,90710,10813.0,3874.0,12882.0,13980.0
2017,90717,12714.0,940.0,7020.0,8086.0
2017,90731,35053.0,4356.0,34461.0,22380.0
2017,90732,15665.0,932.0,6741.0,5811.0
2017,90744,30274.0,1193.0,50746.0,25312.0
2017,90745,17825.0,4481.0,24944.0,34913.0
2017,90802,23112.0,6507.0,14558.0,10607.0
2017,90810,15398.0,4937.0,19765.0,18434.0
2017,90813,30845.0,7156.0,40169.0,22934.0
2017,91011,12856.0,39.0,1779.0,7604.0
2017,91030,14206.0,830.0,5234.0,10904.0
2017,91040,16456.0,347.0,4311.0,3372.0
2017,91042,20726.0,463.0,8031.0,5578.0
2017,91105,7828.0,759.0,1810.0,3320.0
2017,91201,17996.0,477.0,4595.0,4993.0
2017,91204,11813.0,643.0,5931.0,5862.0
2017,91205,27975.0,748.0,9355.0,8791.0
2017,91206,25605.0,532.0,4795.0,8801.0
2017,91214,19632.0,66.0,3807.0,11293.0
2017,91302,22180.0,168.0,2071.0,4152.0
2017,91303,16876.0,1075.0,19715.0,12429.0
2017,91304,26824.0,2567.0,23009.0,24236.0
2017,91306,21182.0,1807.0,25813.0,26562.0
2017,91307,19238.0,881.0,4058.0,7114.0
2017,91311,25446.0,1703.0,11194.0,12915.0
2017,91316,25520.0,1075.0,4244.0,4293.0
2017,91321,24689.0,1355.0,16002.0,8466.0
2017,91324,16739.0,1934.0,10821.0,11428.0
2017,91325,19577.0,2488.0,11956.0,12175.0
2017,91326,19948.0,1106.0,5386.0,15750.0
2017,91330,1320.0,471.0,1159.0,1515.0
2017,91331,61617.0,3247.0,91825.0,40832.0
2017,91335,51185.0,3466.0,40831.0,25036.0
2017,91340,20606.0,900.0,32983.0,14265.0
2017,91342,70540.0,3912.0,73220.0,21725.0
2017,91343,29184.0,2380.0,40323.0,34400.0
2017,91344,31071.0,2213.0,17083.0,20169.0
2017,91345,10048.0,378.0,12867.0,8596.0
2017,91352,35228.0,619.0,35275.0,12087.0
2017,91356,23295.0,1228.0,4895.0,5823.0
2017,91364,21192.0,1603.0,3542.0,4236.0
2017,91367,30952.0,1792.0,5042.0,10626.0
2017,91371,0.0,0.0,0.0,0.0
2017,91401,24901.0,1936.0,17509.0,14158.0
2017,91402,29580.0,2171.0,51699.0,39566.0
2017,91403,20162.0,1489.0,2479.0,3026.0
2017,91405,20755.0,2368.0,34724.0,31647.0
2017,91406,24008.0,2514.0,31888.0,29678.0
2017,91411,17644.0,1241.0,12418.0,6325.0
2017,91423,26986.0,1862.0,4260.0,4793.0
2017,91436,13091.0,164.0,1023.0,1539.0
2017,91501,15567.0,804.0,2800.0,4521.0
2017,91504,17344.0,683.0,6388.0,8531.0
2017,91505,21826.0,891.0,8260.0,8280.0
2017,91506,13846.0,245.0,4965.0,4154.0
2017,91601,26296.0,2853.0,14221.0,9230.0
2017,91602,13746.0,1387.0,2679.0,3811.0
2017,91604,24921.0,1570.0,3396.0,4151.0
2017,91605,31981.0,2283.0,30908.0,18122.0
2017,91606,28866.0,1921.0,23622.0,13565.0
2017,91607,24888.0,2216.0,6831.0,4279.0
2017,91608,0.0,0.0,0.0,0.0
2017,91754,4965.0,147.0,10221.0,28002.0
2017,91801,11684.0,1227.0,19748.0,42017.0
2017,91803,7365.0,288.0,12313.0,22484.0
2018,90001,22302.0,5228.0,53086.0,31445.0
2018,90002,21509.0,10354.0,41673.0,21248.0
2018,90003,23616.0,16136.0,56050.0,32989.0
2018,90004,23490.0,2393.0,31479.0,35703.0
2018,90005,8298.0,2423.0,19437.0,28758.0
2018,90006,17567.0,2065.0,45292.0,42066.0
2018,90007,13175.0,4533.0,20987.0,24008.0
2018,90008,5360.0,21001.0,7619.0,5378.0
2018,90010,758.0,172.0,361.0,2772.0
2018,90011,50442.0,8507.0,99654.0,50465.0
2018,90012,9984.0,4824.0,10366.0,21105.0
2018,90013,4282.0,3644.0,1860.0,4011.0
2018,90014,4076.0,1713.0,1328.0,2546.0
2018,90015,8033.0,1491.0,13715.0,12277.0
2018,90016,19365.0,14205.0,24799.0,13011.0
2018,90017,10755.0,1799.0,17197.0,14174.0
2018,90018,12110.0,15471.0,31714.0,25675.0
2018,90019,21720.0,13091.0,30746.0,31434.0
2018,90020,10730.0,2542.0,12287.0,25830.0
2018,90021,1296.0,558.0,1408.0,1068.0
2018,90023,29902.0,636.0,45196.0,16242.0
2018,90024,29966.0,1099.0,6860.0,19223.0
2018,90025,29916.0,1877.0,7450.0,16174.0
2018,90026,32863.0,2643.0,36452.0,34083.0
2018,90027,29911.0,1039.0,9455.0,13736.0
2018,90028,17420.0,3045.0,8631.0,10269.0
2018,90029,14296.0,1155.0,20581.0,22447.0
2018,90031,13839.0,546.0,26001.0,24150.0
2018,90032,18843.0,751.0,37852.0,28033.0
2018,90033,32131.0,905.0,42864.0,14547.0
2018,90034,31319.0,5565.0,14399.0,18768.0
2018,90035,21031.0,1887.0,2985.0,5167.0
2018,90036,25678.0,2213.0,4069.0,10097.0
2018,90037,25598.0,11291.0,51067.0,28127.0
2018,90038,11779.0,1654.0,15298.0,14227.0
2018,90039,17178.0,374.0,11865.0,12037.0
2018,90041,14669.0,609.0,10787.0,14238.0
2018,90042,29724.0,1431.0,41346.0,32756.0
2018,90043,8663.0,26666.0,14331.0,9298.0
2018,90044,29898.0,31890.0,62443.0,34648.0
2018,90045,24968.0,5221.0,7609.0,10960.0
2018,90046,39738.0,2315.0,5672.0,8534.0
2018,90047,9041.0,30934.0,16245.0,8908.0
2018,90048,18393.0,805.0,1860.0,3694.0
2018,90049,31234.0,654.0,2173.0,5076.0
2018,90056,1298.0,5459.0,604.0,1038.0
2018,90057,15516.0,2076.0,34393.0,31900.0
2018,90058,1873.0,165.0,2501.0,720.0
2018,90059,17039.0,13621.0,31441.0,15292.0
2018,90061,11859.0,8815.0,17909.0,6972.0
2018,90062,8872.0,11358.0,21811.0,14192.0
2018,90063,20930.0,292.0,50710.0,31729.0
2018,90064,18167.0,703.0,3130.0,6559.0
2018,90065,25136.0,1017.0,28428.0,21734.0
2018,90066,36445.0,2402.0,17187.0,20547.0
2018,90067,1647.0,26.0,85.0,641.0
2018,90068,16697.0,795.0,2340.0,3490.0
2018,90069,16263.0,599.0,2158.0,3573.0
2018,90071,0.0,0.0,0.0,0.0
2018,90073,488.0,236.0,185.0,192.0
2018,90077,7479.0,197.0,528.0,1317.0
2018,90079,0.0,0.0,0.0,0.0
2018,90089,1891.0,276.0,473.0,1695.0
2018,90090,0.0,0.0,0.0,0.0
2018,90094,5160.0,1141.0,1374.0,3067.0
2018,90095,0.0,0.0,0.0,0.0
2018,90210,16911.0,198.0,829.0,2800.0
2018,90211,6104.0,297.0,757.0,1568.0
2018,90212,10908.0,187.0,827.0,2061.0
2018,90230,19529.0,3109.0,10502.0,10170.0
2018,90232,9827.0,815.0,3619.0,4018.0
2018,90245,11992.0,638.0,2178.0,4220.0
2018,90247,12177.0,8830.0,23178.0,26524.0
2018,90248,3562.0,1776.0,4785.0,6174.0
2018,90250,32363.0,21874.0,52103.0,42599.0
2018,90262,39337.0,5946.0,62168.0,25653.0
2018,90265,16459.0,297.0,1666.0,1633.0
2018,90272,19626.0,100.0,1120.0,2825.0
2018,90275,24504.0,754.0,3793.0,17163.0
2018,90280,57530.0,806.0,90380.0,36767.0
2018,90290,4783.0,135.0,312.0,453.0
2018,90291,22505.0,1566.0,5235.0,3454.0
2018,90292,17131.0,1684.0,1944.0,3675.0
2018,90293,8784.0,909.0,1627.0,3001.0
2018,90301,10970.0,12133.0,22154.0,14188.0
2018,90302,9155.0,13514.0,14114.0,8159.0
2018,90304,12154.0,881.0,23296.0,12556.0
2018,90305,1524.0,12365.0,1951.0,1508.0
2018,90402,10274.0,96.0,981.0,1496.0
2018,90403,19546.0,434.0,2165.0,4374.0
2018,90404,14856.0,1722.0,6443.0,6241.0
2018,90405,21782.0,1170.0,4498.0,5163.0
2018,90501,15990.0,2635.0,17538.0,23710.0
2018,90502,5757.0,1265.0,7149.0,11166.0
2018,90504,12792.0,1170.0,8559.0,19759.0
2018,90710,11203.0,3666.0,12727.0,13316.0
2018,90717,12477.0,1045.0,7571.0,8174.0
2018,90731,35412.0,4277.0,34988.0,22161.0
2018,90732,15047.0,1084.0,6543.0,6142.0
2018,90744,30847.0,1387.0,51389.0,24972.0
2018,90745,17198.0,4169.0,25059.0,35454.0
2018,90802,23262.0,5612.0,13996.0,10579.0
2018,90810,15988.0,4155.0,21238.0,18436.0
2018,90813,30516.0,7330.0,38443.0,21154.0
2018,91011,12443.0,126.0,1803.0,7854.0
2018,91030,14244.0,795.0,5039.0,10755.0
2018,91040,16350.0,219.0,4550.0,3638.0
2018,91042,20949.0,575.0,6954.0,5107.0
2018,91105,7923.0,691.0,1727.0,3577.0
2018,91201,18529.0,469.0,4725.0,4621.0
2018,91204,12667.0,506.0,6237.0,5547.0
2018,91205,28295.0,553.0,8868.0,8770.0
2018,91206,25378.0,562.0,4559.0,8446.0
2018,91214,19593.0,92.0,3821.0,10969.0
2018,91302,22266.0,133.0,2216.0,4235.0
2018,91303,16234.0,1044.0,19959.0,13775.0
2018,91304,27354.0,2921.0,22405.0,23486.0
2018,91306,22369.0,1816.0,24214.0,24973.0
2018,91307,18491.0,1078.0,3792.0,7026.0
2018,91311,25784.0,1749.0,10525.0,12887.0
2018,91316,24466.0,916.0,4427.0,4582.0
2018,91321,24990.0,1017.0,16294.0,8348.0
2018,91324,16671.0,2026.0,9369.0,10920.0
2018,91325,19331.0,2715.0,12536.0,12589.0
2018,91326,19364.0,1833.0,5408.0,15838.0
2018,91330,1443.0,468.0,1128.0,1362.0
2018,91331,59752.0,3297.0,91446.0,42750.0
2018,91335,46881.0,3439.0,41069.0,30204.0
2018,91340,20970.0,577.0,33756.0,14680.0
2018,91342,71163.0,3470.0,73809.0,21854.0
2018,91343,26796.0,2657.0,40694.0,37137.0
2018,91344,31817.0,2434.0,16289.0,19015.0
2018,91345,9208.0,378.0,12561.0,9619.0
2018,91352,33824.0,614.0,34602.0,13000.0
2018,91356,23735.0,1600.0,5046.0,5469.0
2018,91364,21361.0,1881.0,3434.0,4098.0
2018,91367,33011.0,2180.0,5190.0,10091.0
2018,91371,0.0,0.0,0.0,0.0
2018,91401,25542.0,2057.0,17359.0,13813.0
2018,91402,28184.0,2471.0,51536.0,40031.0
2018,91403,20204.0,1600.0,2683.0,3414.0
2018,91405,20555.0,2368.0,35109.0,32461.0
2018,91406,23291.0,2671.0,30991.0,29253.0
2018,91411,17922.0,1536.0,12976.0,6343.0
2018,91423,26683.0,2111.0,4623.0,4943.0
2018,91436,13428.0,216.0,1305.0,1426.0
2018,91501,15194.0,693.0,2722.0,4413.0
2018,91504,17413.0,866.0,6354.0,8584.0
2018,91505,21452.0,907.0,7761.0,8321.0
2018,91506,13808.0,253.0,5100.0,4514.0
2018,91601,26592.0,2572.0,13399.0,7921.0
2018,91602,13952.0,1331.0,2962.0,4075.0
2018,91604,25760.0,1470.0,3065.0,4887.0
2018,91605,32195.0,1853.0,30459.0,18162.0
2018,91606,30808.0,1784.0,23883.0,11884.0
2018,91607,24617.0,1501.0,7198.0,4755.0
2018,91608,0.0,0.0,0.0,0.0
2018,91754,4735.0,186.0,9872.0,28137.0
2018,91801,11748.0,1376.0,18131.0,41355.0
2018,91803,7492.0,481.0,12375.0,22412.0
2019,90001,25059.0,5338.0,53929.0,29435.0
2019,90002,22906.0,10081.0,42048.0,20315.0
2019,90003,24417.0,15245.0,57766.0,34068.0
2019,90004,21599.0,2188.0,30446.0,36754.0
2019,90005,9272.0,2290.0,19660.0,28170.0
2019,90006,20025.0,1897.0,43537.0,37654.0
2019,90007,15623.0,4548.0,21672.0,22262.0
2019,90008,5549.0,20675.0,7566.0,5530.0
2019,90010,811.0,229.0,370.0,2782.0
2019,90011,49665.0,8490.0,101183.0,53010.0
2019,90012,10194.0,5039.0,10464.0,21319.0
2019,90013,4699.0,3603.0,1984.0,4257.0
2019,90014,3907.0,2040.0,1280.0,2741.0
2019,90015,8764.0,1658.0,14055.0,12229.0
2019,90016,19652.0,13974.0,24058.0,12273.0
2019,90017,10630.0,2317.0,17243.0,14776.0
2019,90018,15244.0,15580.0,31558.0,22666.0
2019,90019,23625.0,12025.0,28715.0,28884.0
2019,90020,10703.0,2655.0,12680.0,25831.0
2019,90021,1253.0,532.0,1412.0,1160.0
2019,90023,26928.0,626.0,45033.0,19126.0
2019,90024,30716.0,1282.0,6836.0,19629.0
2019,90025,29827.0,2045.0,6614.0,15011.0
2019,90026,30366.0,2926.0,35417.0,35614.0
2019,90027,29628.0,1045.0,9857.0,14097.0
2019,90028,16599.0,2991.0,8800.0,10184.0
2019,90029,13143.0,1313.0,19277.0,22212.0
2019,90031,12523.0,668.0,26410.0,26725.0
2019,90032,18342.0,860.0,37560.0,28829.0
2019,90033,27990.0,940.0,44687.0,20225.0
2019,90034,28754.0,5618.0,13808.0,19489.0
2019,90035,20663.0,1770.0,2895.0,4839.0
2019,90036,25780.0,2321.0,3975.0,9864.0
2019,90037,30192.0,10910.0,54111.0,26538.0
2019,90038,13510.0,1895.0,15530.0,13175.0
2019,90039,17045.0,404.0,11388.0,12061.0
2019,90041,14208.0,672.0,10471.0,14210.0
2019,90042,29527.0,1354.0,39515.0,32312.0
2019,90043,9367.0,27935.0,13872.0,8571.0
2019,90044,27796.0,32521.0,64665.0,39126.0
2019,90045,25112.0,4872.0,7295.0,10583.0
2019,90046,40264.0,2450.0,5700.0,8186.0
2019,90047,10308.0,30788.0,18279.0,10315.0
2019,90048,17024.0,768.0,1865.0,3697.0
2019,90049,31003.0,609.0,2041.0,4806.0
2019,90056,1281.0,5337.0,687.0,1031.0
2019,90057,17313.0,2161.0,34868.0,30678.0
2019,90058,1854.0,190.0,2452.0,674.0
2019,90059,16112.0,12972.0,32218.0,17101.0
2019,90061,12677.0,8074.0,18677.0,7122.0
2019,90062,9469.0,11588.0,22629.0,14859.0
2019,90063,21080.0,230.0,51677.0,32670.0
2019,90064,18010.0,788.0,3598.0,7127.0
2019,90065,22497.0,1083.0,27017.0,22881.0
2019,90066,37410.0,2542.0,16894.0,19215.0
2019,90067,1817.0,35.0,76.0,576.0
2019,90068,16942.0,789.0,2222.0,3361.0
2019,90069,16330.0,656.0,1783.0,3244.0
2019,90071,54.0,32.0,14.0,40.0
2019,90073,479.0,247.0,207.0,227.0
2019,90077,6905.0,229.0,314.0,1248.0
2019,90079,0.0,0.0,0.0,0.0
2019,90089,1929.0,279.0,561.0,1578.0
2019,90090,0.0,0.0,0.0,0.0
2019,90094,5497.0,949.0,1215.0,3381.0
2019,90095,0.0,0.0,0.0,0.0
2019,90210,16672.0,229.0,799.0,2413.0
2019,90211,6184.0,360.0,720.0,1475.0
2019,90212,10792.0,193.0,749.0,2329.0
2019,90230,19610.0,3316.0,10831.0,9761.0
2019,90232,9612.0,742.0,3622.0,4426.0
2019,90245,12005.0,626.0,2709.0,4100.0
2019,90247,12456.0,8757.0,23823.0,27080.0
2019,90248,3632.0,1702.0,5216.0,6273.0
2019,90250,36489.0,22280.0,53290.0,38303.0
2019,90262,41847.0,5631.0,62215.0,23058.0
2019,90265,15887.0,271.0,1743.0,1796.0
2019,90272,18972.0,86.0,1009.0,2571.0
2019,90275,23651.0,785.0,4360.0,17710.0
2019,90280,59504.0,646.0,90459.0,34492.0
2019,90290,5037.0,127.0,336.0,517.0
2019,90291,22114.0,1525.0,5258.0,3311.0
2019,90292,17588.0,1782.0,1969.0,4179.0
2019,90293,8845.0,846.0,1809.0,3037.0
2019,90301,12012.0,11777.0,22927.0,14445.0
2019,90302,8618.0,12833.0,13894.0,8566.0
2019,90304,12405.0,1007.0,23083.0,12534.0
2019,90305,1174.0,12199.0,1836.0,1669.0
2019,90402,10113.0,101.0,1186.0,1668.0
2019,90403,19137.0,613.0,1784.0,4152.0
2019,90404,15015.0,1707.0,6398.0,6207.0
2019,90405,21980.0,990.0,4397.0,5186.0
2019,90501,15008.0,2365.0,18434.0,24602.0
2019,90502,5688.0,1036.0,6634.0,11054.0
2019,90504,13198.0,1149.0,8855.0,19063.0
2019,90710,10775.0,3993.0,12011.0,13277.0
2019,90717,12081.0,1325.0,7276.0,8102.0
2019,90731,34014.0,4289.0,34549.0,22356.0
2019,90732,15087.0,1255.0,6982.0,6438.0
2019,90744,30323.0,1672.0,50588.0,24885.0
2019,90745,16747.0,4124.0,24171.0,36059.0
2019,90802,23085.0,5558.0,13488.0,10319.0
2019,90810,15045.0,3912.0,20401.0,18294.0
2019,90813,27784.0,7070.0,37921.0,23526.0
2019,91011,12249.0,154.0,2029.0,7898.0
2019,91030,14215.0,922.0,4745.0,10500.0
2019,91040,15578.0,244.0,3922.0,4227.0
2019,91042,21084.0,620.0,7143.0,5262.0
2019,91105,8435.0,730.0,1569.0,3452.0
2019,91201,19392.0,339.0,4405.0,3550.0
2019,91204,13617.0,581.0,6334.0,4525.0
2019,91205,28378.0,660.0,8193.0,8600.0
2019,91206,25161.0,573.0,4740.0,9005.0
2019,91214,19065.0,131.0,3884.0,11591.0
2019,91302,22476.0,318.0,2199.0,3918.0
2019,91303,14808.0,967.0,20279.0,15811.0
2019,91304,26992.0,2709.0,22303.0,24660.0
2019,91306,21784.0,1983.0,24805.0,25911.0
2019,91307,18568.0,995.0,3810.0,6778.0
2019,91311,25622.0,2159.0,10550.0,13058.0
2019,91316,25595.0,806.0,4268.0,4098.0
2019,91321,24625.0,1019.0,16033.0,8370.0
2019,91324,16090.0,1507.0,10034.0,12073.0
2019,91325,18638.0,2489.0,13013.0,13448.0
2019,91326,18622.0,1895.0,4908.0,15822.0
2019,91330,1555.0,491.0,1158.0,1211.0
2019,91331,62078.0,3228.0,91066.0,40152.0
2019,91335,44042.0,3567.0,43015.0,34215.0
2019,91340,23528.0,538.0,33586.0,12090.0
2019,91342,71067.0,3645.0,72090.0,19883.0
2019,91343,26226.0,2998.0,39961.0,37519.0
2019,91344,33631.0,1986.0,16466.0,17996.0
2019,91345,8696.0,190.0,13370.0,10259.0
2019,91352,32184.0,807.0,34193.0,14085.0
2019,91356,23164.0,2101.0,4298.0,4557.0
2019,91364,21836.0,1584.0,3891.0,4551.0
2019,91367,33188.0,1932.0,5911.0,10850.0
2019,91371,0.0,0.0,0.0,0.0
2019,91401,25134.0,2167.0,16385.0,12454.0
2019,91402,24748.0,2652.0,51903.0,44659.0
2019,91403,19715.0,1745.0,3109.0,3696.0
2019,91405,23097.0,2738.0,34549.0,29671.0
2019,91406,23863.0,2476.0,31153.0,28551.0
2019,91411,17019.0,1460.0,13098.0,7632.0
2019,91423,26329.0,2155.0,4850.0,4688.0
2019,91436,13405.0,237.0,1306.0,1650.0
2019,91501,16031.0,556.0,3165.0,3924.0
2019,91504,18180.0,960.0,6194.0,7609.0
2019,91505,22140.0,1131.0,7614.0,7631.0
2019,91506,13695.0,265.0,4986.0,4631.0
2019,91601,26049.0,2747.0,12775.0,8045.0
2019,91602,14269.0,1021.0,3367.0,4382.0
2019,91604,26268.0,1551.0,3149.0,5091.0
2019,91605,32596.0,1888.0,31505.0,18629.0
2019,91606,30603.0,1902.0,23492.0,11790.0
2019,91607,23942.0,1865.0,6270.0,4804.0
2019,91608,21.0,0.0,21.0,0.0
2019,91754,5087.0,223.0,11029.0,28326.0
2019,91801,11682.0,1392.0,18439.0,41694.0
2019,91803,7678.0,502.0,11972.0,21387.0
2020,90001,22300.0,5506.0,53002.0,31168.0
2020,90002,20613.0,9157.0,43112.0,23632.0
2020,90003,21165.0,13700.0,59098.0,39252.0
2020,90004,20483.0,2507.0,29287.0,38115.0
2020,90005,9625.0,1906.0,19214.0,27354.0
2020,90006,19758.0,1922.0,42591.0,36880.0
2020,90007,15908.0,4509.0,22081.0,21963.0
2020,90008,5048.0,20786.0,7788.0,6066.0
2020,90010,951.0,270.0,448.0,2887.0
2020,90011,40035.0,7505.0,101144.0,63210.0
2020,90012,9718.0,5388.0,10660.0,22162.0
2020,90013,4522.0,3976.0,2223.0,4511.0
2020,90014,3874.0,2111.0,1684.0,3141.0
2020,90015,9002.0,1607.0,13927.0,13291.0
2020,90016,18375.0,12776.0,25309.0,15189.0
2020,90017,10341.0,2893.0,16887.0,14598.0
2020,90018,14828.0,15256.0,30040.0,22360.0
2020,90019,21147.0,11240.0,26615.0,30429.0
2020,90020,8516.0,2667.0,13015.0,28183.0
2020,90021,1336.0,551.0,1746.0,1398.0
2020,90023,21902.0,521.0,44780.0,24094.0
2020,90024,30135.0,1719.0,7364.0,20215.0
2020,90025,29230.0,1643.0,6540.0,16565.0
2020,90026,27933.0,2508.0,34164.0,37216.0
2020,90027,29836.0,1232.0,11039.0,14928.0
2020,90028,16744.0,3046.0,9625.0,11595.0
2020,90029,13234.0,1297.0,19163.0,21595.0
2020,90031,10695.0,821.0,24484.0,27981.0
2020,90032,15728.0,1023.0,37217.0,31106.0
2020,90033,22411.0,929.0,45089.0,26355.0
2020,90034,28532.0,5929.0,14769.0,21955.0
2020,90035,21093.0,1786.0,3000.0,4846.0
2020,90036,24163.0,2187.0,4224.0,11761.0
2020,90037,26742.0,11031.0,53801.0,29604.0
2020,90038,12971.0,1919.0,14466.0,13702.0
2020,90039,17239.0,347.0,10474.0,12380.0
2020,90041,13659.0,720.0,9983.0,15509.0
2020,90042,27097.0,1503.0,36133.0,31909.0
2020,90043,8592.0,28122.0,13436.0,9644.0
2020,90044,25642.0,31627.0,66053.0,42711.0
2020,90045,24997.0,4097.0,7361.0,10701.0
2020,90046,37331.0,2458.0,7255.0,10039.0
2020,90047,8777.0,29335.0,19097.0,12945.0
2020,90048,17059.0,978.0,1755.0,3729.0
2020,90049,30175.0,449.0,3041.0,5986.0
2020,90056,1509.0,5213.0,998.0,1336.0
2020,90057,16866.0,2416.0,33853.0,30489.0
2020,90058,1981.0,187.0,2395.0,835.0
2020,90059,11854.0,11907.0,29139.0,18550.0
2020,90061,10411.0,8199.0,19267.0,10145.0
2020,90062,9645.0,10446.0,23515.0,15817.0
2020,90063,18163.0,290.0,51202.0,35393.0
2020,90064,17112.0,671.0,3699.0,8205.0
2020,90065,21167.0,775.0,26017.0,25447.0
2020,90066,36326.0,3095.0,14913.0,19430.0
2020,90067,1822.0,53.0,122.0,685.0
2020,90068,17224.0,1215.0,2453.0,3151.0
2020,90069,16380.0,493.0,1650.0,3162.0
2020,90071,81.0,32.0,41.0,39.0
2020,90073,513.0,197.0,214.0,252.0
2020,90077,6755.0,151.0,359.0,1422.0
2020,90079,0.0,0.0,0.0,0.0
2020,90089,1957.0,240.0,642.0,1543.0
2020,90090,0.0,0.0,0.0,0.0
2020,90094,5962.0,539.0,1031.0,2564.0
2020,90095,0.0,0.0,0.0,0.0
2020,90210,16686.0,264.0,1159.0,2279.0
2020,90211,6676.0,310.0,819.0,2225.0
2020,90212,9521.0,160.0,586.0,2197.0
2020,90230,18603.0,3141.0,10631.0,11391.0
2020,90232,8997.0,807.0,3221.0,5117.0
2020,90245,11626.0,790.0,2639.0,4159.0
2020,90247,10932.0,7898.0,23853.0,28677.0
2020,90248,2779.0,1893.0,4022.0,6753.0
2020,90250,35220.0,23399.0,51406.0,36496.0
2020,90262,34426.0,6064.0,60625.0,28879.0
2020,90265,14685.0,193.0,2088.0,3150.0
2020,90272,18953.0,73.0,887.0,2822.0
2020,90275,22352.0,542.0,4153.0,18837.0
2020,90280,52312.0,460.0,90487.0,42133.0
2020,90290,4598.0,112.0,405.0,490.0
2020,90291,21753.0,1488.0,5046.0,4315.0
2020,90292,17899.0,1979.0,1963.0,4053.0
2020,90293,9482.0,770.0,1894.0,2663.0
2020,90301,10680.0,11839.0,23379.0,16801.0
2020,90302,7402.0,12187.0,13896.0,9778.0
2020,90304,11039.0,1118.0,23305.0,14427.0
2020,90305,1406.0,11667.0,2110.0,2300.0
2020,90402,9617.0,95.0,1405.0,1925.0
2020,90403,19292.0,395.0,2233.0,4672.0
2020,90404,13986.0,1848.0,6430.0,7273.0
2020,90405,20469.0,880.0,4359.0,6160.0
2020,90501,13504.0,2095.0,19193.0,26699.0
2020,90502,5901.0,1221.0,7118.0,11405.0
2020,90504,11946.0,1260.0,7922.0,19497.0
2020,90710,11455.0,3592.0,12703.0,13519.0
2020,90717,11757.0,1252.0,7253.0,7910.0
2020,90731,35477.0,3789.0,34131.0,21547.0
2020,90732,14700.0,1141.0,7542.0,6720.0
2020,90744,33107.0,1453.0,50202.0,21890.0
2020,90745,16321.0,4202.0,24364.0,35044.0
2020,90802,21182.0,6205.0,13575.0,11778.0
2020,90810,14338.0,3375.0,21058.0,18944.0
2020,90813,23618.0,6686.0,37674.0,26422.0
2020,91011,12386.0,135.0,1985.0,7653.0
2020,91030,12892.0,1171.0,4838.0,11415.0
2020,91040,15534.0,153.0,4276.0,4919.0
2020,91042,20035.0,689.0,6153.0,5893.0
2020,91105,7912.0,561.0,1958.0,4175.0
2020,91201,18433.0,328.0,4695.0,4025.0
2020,91204,12975.0,568.0,6325.0,5407.0
2020,91205,28871.0,618.0,8985.0,8060.0
2020,91206,24875.0,682.0,4675.0,8224.0
2020,91214,19192.0,135.0,3903.0,12341.0
2020,91302,22317.0,429.0,1695.0,4215.0
2020,91303,15320.0,950.0,18235.0,14754.0
2020,91304,26128.0,2390.0,21938.0,25119.0
2020,91306,20352.0,2172.0,24857.0,27795.0
2020,91307,17619.0,1169.0,4221.0,7006.0
2020,91311,23586.0,2905.0,12054.0,15320.0
2020,91316,24831.0,642.0,4535.0,4939.0
2020,91321,22233.0,959.0,17187.0,11148.0
2020,91324,14699.0,1921.0,11134.0,14375.0
2020,91325,17067.0,2601.0,12296.0,14969.0
2020,91326,17527.0,2950.0,5421.0,15649.0
2020,91330,1629.0,501.0,1044.0,1006.0
2020,91331,53856.0,2643.0,90299.0,47184.0
2020,91335,37842.0,3755.0,41784.0,39340.0
2020,91340,21390.0,586.0,34159.0,15245.0
2020,91342,61118.0,3245.0,71895.0,30069.0
2020,91343,24586.0,3003.0,39018.0,37755.0
2020,91344,33564.0,1754.0,17805.0,20376.0
2020,91345,7910.0,278.0,13015.0,10637.0
2020,91352,27091.0,809.0,33042.0,18127.0
2020,91356,23323.0,1899.0,4405.0,5478.0
2020,91364,20641.0,1916.0,3914.0,5838.0
2020,91367,31990.0,2981.0,6075.0,10103.0
2020,91371,0.0,0.0,0.0,0.0
2020,91401,24419.0,2306.0,16826.0,13680.0
2020,91402,18363.0,2551.0,49797.0,49788.0
2020,91403,19775.0,1458.0,3343.0,4604.0
2020,91405,24345.0,2577.0,34612.0,29899.0
2020,91406,23409.0,2769.0,31012.0,28131.0
2020,91411,15152.0,1710.0,12278.0,8031.0
2020,91423,26135.0,1840.0,4191.0,4993.0
2020,91436,14540.0,240.0,1026.0,1957.0
2020,91501,14867.0,472.0,3143.0,4120.0
2020,91504,18049.0,1375.0,6598.0,8551.0
2020,91505,20659.0,1003.0,7883.0,9477.0
2020,91506,12214.0,336.0,4593.0,5314.0
2020,91601,23058.0,2902.0,12052.0,9352.0
2020,91602,14189.0,869.0,3681.0,5281.0
2020,91604,26747.0,1426.0,3914.0,5848.0
2020,91605,29636.0,1468.0,30885.0,21241.0
2020,91606,28747.0,2062.0,23695.0,14194.0
2020,91607,22190.0,2255.0,6502.0,6594.0
2020,91608,18.0,0.0,18.0,0.0
2020,91754,5561.0,245.0,10471.0,27537.0
2020,91801,11179.0,1563.0,17607.0,41419.0
2020,91803,7224.0,468.0,11849.0,22401.0
2021,90001,20030.0,4799.0,52765.0,33416.0
2021,90002,17275.0,9256.0,44082.0,27853.0
2021,90003,16669.0,12865.0,60929.0,45656.0
2021,90004,17681.0,2448.0,28019.0,39492.0
2021,90005,7616.0,2180.0,18134.0,27114.0
2021,90006,16801.0,1897.0,41465.0,38438.0
2021,90007,14367.0,4310.0,21954.0,22593.0
2021,90008,3221.0,20459.0,7187.0,7366.0
2021,90010,1046.0,239.0,444.0,3028.0
2021,90011,34228.0,6681.0,100502.0,68602.0
2021,90012,10063.0,5465.0,11580.0,24181.0
2021,90013,4641.0,3799.0,2917.0,4973.0
2021,90014,3154.0,1762.0,2156.0,3631.0
2021,90015,8189.0,1966.0,13713.0,14073.0
2021,90016,16100.0,12997.0,25152.0,16787.0
2021,90017,9814.0,3221.0,16809.0,15398.0
2021,90018,14335.0,14408.0,29230.0,22645.0
2021,90019,19471.0,10822.0,26817.0,30768.0
2021,90020,7633.0,2624.0,12991.0,27867.0
2021,90021,814.0,481.0,1473.0,1429.0
2021,90023,15723.0,474.0,43949.0,29535.0
2021,90024,29098.0,2050.0,6945.0,19463.0
2021,90025,27694.0,1523.0,5936.0,15391.0
2021,90026,26122.0,2279.0,32695.0,37520.0
2021,90027,29049.0,1223.0,10065.0,14406.0
2021,90028,15755.0,2733.0,8797.0,11399.0
2021,90029,11945.0,1372.0,18749.0,21720.0
2021,90031,8877.0,743.0,23464.0,28913.0
2021,90032,13257.0,971.0,34788.0,31070.0
2021,90033,14519.0,840.0,42999.0,32136.0
2021,90034,25577.0,5050.0,13887.0,22694.0
2021,90035,19345.0,1788.0,3093.0,5278.0
2021,90036,23600.0,1934.0,4614.0,12062.0
2021,90037,22419.0,11413.0,54911.0,35053.0
2021,90038,11827.0,1896.0,14151.0,14272.0
2021,90039,15257.0,403.0,9428.0,13179.0
2021,90041,12665.0,616.0,10300.0,15675.0
2021,90042,23500.0,1270.0,35024.0,34888.0
2021,90043,6849.0,25973.0,12843.0,11450.0
2021,90044,22203.0,30662.0,66943.0,47360.0
2021,90045,24341.0,4192.0,8095.0,12878.0
2021,90046,35153.0,2825.0,7386.0,10771.0
2021,90047,8020.0,28625.0,20268.0,14849.0
2021,90048,16274.0,781.0,1585.0,3449.0
2021,90049,29244.0,480.0,2825.0,6129.0
2021,90056,1233.0,5320.0,670.0,1403.0
2021,90057,13500.0,2773.0,31963.0,31331.0
2021,90058,2256.0,256.0,2992.0,1147.0
2021,90059,10681.0,9890.0,30012.0,20744.0
2021,90061,9325.0,8385.0,20559.0,12282.0
2021,90062,8467.0,9967.0,22367.0,15843.0
2021,90063,14586.0,274.0,50451.0,38094.0
2021,90064,15722.0,605.0,3631.0,8834.0
2021,90065,18605.0,889.0,25339.0,26938.0
2021,90066,33260.0,2742.0,14950.0,18911.0
2021,90067,1774.0,56.0,128.0,653.0
2021,90068,16345.0,1219.0,2518.0,3563.0
2021,90069,16332.0,557.0,1693.0,3296.0
2021,90071,28.0,0.0,28.0,0.0
2021,90073,439.0,200.0,141.0,242.0
2021,90077,6079.0,133.0,449.0,1517.0
2021,90079,0.0,0.0,0.0,0.0
2021,90089,1818.0,225.0,657.0,1455.0
2021,90094,7229.0,754.0,1377.0,3443.0
2021,90095,0.0,0.0,0.0,0.0
2021,90210,16406.0,374.0,1211.0,2847.0
2021,90211,6246.0,186.0,1025.0,2770.0
2021,90212,8444.0,219.0,835.0,2336.0
2021,90230,17491.0,3183.0,9858.0,12946.0
2021,90232,9224.0,769.0,2826.0,5349.0
2021,90245,11823.0,805.0,2787.0,4615.0
2021,90247,9678.0,7604.0,24719.0,31364.0
2021,90248,2055.0,1951.0,4192.0,7466.0
2021,90250,32802.0,23711.0,51371.0,40217.0
2021,90262,27876.0,5208.0,59324.0,34126.0
2021,90265,13208.0,168.0,2087.0,3492.0
2021,90272,18150.0,95.0,1068.0,3037.0
2021,90275,22592.0,723.0,4396.0,19102.0
2021,90280,42396.0,623.0,88872.0,50188.0
2021,90290,4386.0,87.0,498.0,641.0
2021,90291,19063.0,1635.0,4577.0,4987.0
2021,90292,17222.0,1830.0,2320.0,4899.0
2021,90293,9385.0,559.0,2099.0,2868.0
2021,90301,9313.0,11735.0,22715.0,17452.0
2021,90302,6260.0,12253.0,13106.0,10765.0
2021,90304,9181.0,1015.0,22919.0,15907.0
2021,90305,1301.0,11763.0,2490.0,2190.0
2021,90402,9754.0,102.0,1507.0,2190.0
2021,90403,18288.0,715.0,2685.0,5522.0
2021,90404,13759.0,1971.0,6654.0,7730.0
2021,90405,20041.0,894.0,4180.0,6432.0
2021,90501,12810.0,2295.0,19455.0,28345.0
2021,90502,4618.0,1171.0,7172.0,12321.0
2021,90504,11834.0,1467.0,8430.0,19721.0
2021,90710,10639.0,3357.0,12941.0,14002.0
2021,90717,11223.0,1295.0,7698.0,9209.0
2021,90731,35222.0,3182.0,36137.0,24243.0
2021,90732,13534.0,1139.0,7185.0,6909.0
2021,90744,32793.0,1689.0,50620.0,22548.0
2021,90745,14072.0,4071.0,24717.0,40184.0
2021,90802,20119.0,5794.0,13575.0,13123.0
2021,90810,14384.0,3028.0,22089.0,20039.0
2021,90813,21497.0,6504.0,37552.0,28419.0
2021,91011,12348.0,254.0,1860.0,8019.0
2021,91030,12686.0,1133.0,5251.0,13018.0
2021,91040,15060.0,577.0,4941.0,5652.0
2021,91042,19149.0,322.0,6687.0,7215.0
2021,91105,7997.0,462.0,2105.0,4429.0
2021,91201,17829.0,333.0,4727.0,4645.0
2021,91204,11992.0,548.0,6361.0,6198.0
2021,91205,26209.0,574.0,9169.0,9584.0
2021,91206,24596.0,694.0,4168.0,7280.0
2021,91214,18550.0,131.0,5203.0,13328.0
2021,91302,20516.0,688.0,1959.0,5037.0
2021,91303,11398.0,1098.0,17390.0,17469.0
2021,91304,24157.0,3192.0,21994.0,26915.0
2021,91306,17687.0,1824.0,24072.0,29749.0
2021,91307,16869.0,1009.0,3960.0,7895.0
2021,91311,21496.0,2894.0,12351.0,16798.0
2021,91316,22201.0,658.0,4331.0,5323.0
2021,91321,20365.0,835.0,18288.0,14031.0
2021,91324,12244.0,1600.0,10695.0,15484.0
2021,91325,15622.0,2178.0,13349.0,17555.0
2021,91326,17116.0,3009.0,5285.0,15954.0
2021,91330,1645.0,470.0,940.0,902.0
2021,91331,45426.0,2338.0,89439.0,54789.0
2021,91335,33097.0,2810.0,41585.0,42298.0
2021,91340,17460.0,649.0,33120.0,17809.0
2021,91342,49251.0,3548.0,69759.0,39965.0
2021,91343,22154.0,2844.0,39515.0,39521.0
2021,91344,31456.0,1584.0,17220.0,21425.0
2021,91345,7062.0,235.0,12601.0,11455.0
2021,91352,22538.0,949.0,32048.0,22413.0
2021,91356,21956.0,1881.0,4528.0,6131.0
2021,91364,19954.0,1911.0,3827.0,6399.0
2021,91367,30690.0,3165.0,6458.0,11076.0
2021,91371,0.0,0.0,0.0,0.0
2021,91401,22272.0,2175.0,16550.0,14527.0
2021,91402,14593.0,1993.0,48077.0,51490.0
2021,91403,19289.0,1407.0,3742.0,5365.0
2021,91405,21666.0,2714.0,34249.0,31371.0
2021,91406,21652.0,2646.0,31404.0,30106.0
2021,91411,12828.0,1748.0,11478.0,9326.0
2021,91423,24497.0,1273.0,4228.0,6131.0
2021,91436,14339.0,299.0,1455.0,2332.0
2021,91501,14965.0,484.0,3127.0,4044.0
2021,91504,18239.0,1203.0,6475.0,8150.0
2021,91505,21450.0,928.0,8891.0,10506.0
2021,91506,12877.0,361.0,4852.0,6211.0
2021,91601,21358.0,2976.0,11972.0,10452.0
2021,91602,13220.0,1457.0,3688.0,5788.0
2021,91604,24933.0,1329.0,3709.0,6418.0
2021,91605,26283.0,1333.0,32276.0,25045.0
2021,91606,25449.0,2053.0,22627.0,15879.0
2021,91607,20505.0,2208.0,6657.0,8208.0
2021,91608,16.0,0.0,16.0,0.0
2021,91754,5291.0,421.0,10617.0,28219.0
2021,91801,10557.0,1252.0,17684.0,42167.0
2021,91803,5925.0,558.0,12018.0,22740.0
2022,90001,16284.0,4295.0,52642.0,37073.0
2022,90002,12306.0,8355.0,43766.0,32447.0
2022,90003,12889.0,12352.0,61179.0,49783.0
2022,90004,17019.0,2619.0,27410.0,39195.0
2022,90005,7371.0,2006.0,18603.0,28377.0
2022,90006,13244.0,1669.0,41030.0,41715.0
2022,90007,13360.0,3535.0,22109.0,24109.0
2022,90008,3129.0,21047.0,8702.0,8900.0
2022,90010,803.0,230.0,329.0,3152.0
2022,90011,25646.0,6092.0,97669.0,74304.0
2022,90012,9227.0,5071.0,10575.0,24132.0
2022,90013,4749.0,4039.0,3492.0,5799.0
2022,90014,3111.0,1925.0,2372.0,4237.0
2022,90015,8332.0,2315.0,13400.0,14907.0
2022,90016,14557.0,13028.0,25816.0,19724.0
2022,90017,7518.0,3699.0,16444.0,17537.0
2022,90018,13547.0,12125.0,29284.0,24226.0
2022,90019,18118.0,10624.0,25847.0,30668.0
2022,90020,7372.0,2718.0,12925.0,28310.0
2022,90021,785.0,595.0,1336.0,1401.0
2022,90023,11036.0,462.0,42657.0,33060.0
2022,90024,27589.0,2305.0,6599.0,20498.0
2022,90025,27345.0,1542.0,5626.0,15542.0
2022,90026,25707.0,2449.0,31425.0,36613.0
2022,90027,29298.0,1600.0,10063.0,14866.0
2022,90028,15361.0,2773.0,8898.0,12848.0
2022,90029,11885.0,1094.0,17692.0,21670.0
2022,90031,7154.0,819.0,22113.0,29484.0
2022,90032,11735.0,1256.0,33540.0,31890.0
2022,90033,9278.0,907.0,43099.0,37470.0
2022,90034,25229.0,5161.0,14246.0,24671.0
2022,90035,18450.0,1899.0,3541.0,6246.0
2022,90036,22708.0,2388.0,5146.0,12617.0
2022,90037,18935.0,10654.0,55159.0,39475.0
2022,90038,11254.0,1910.0,14620.0,14815.0
2022,90039,14131.0,452.0,8788.0,13661.0
2022,90041,11874.0,574.0,9902.0,15873.0
2022,90042,20966.0,1283.0,34183.0,36902.0
2022,90043,5982.0,26642.0,11744.0,11837.0
2022,90044,16893.0,30985.0,65034.0,51112.0
2022,90045,23160.0,3601.0,8000.0,14362.0
2022,90046,34073.0,2654.0,7432.0,11443.0
2022,90047,6904.0,27004.0,21532.0,18292.0
2022,90048,15644.0,819.0,1629.0,3948.0
2022,90049,28337.0,528.0,2932.0,6954.0
2022,90056,1106.0,5285.0,920.0,1834.0
2022,90057,10477.0,3173.0,32128.0,33492.0
2022,90058,1333.0,504.0,2110.0,1212.0
2022,90059,8303.0,10320.0,27628.0,20848.0
2022,90061,6444.0,7639.0,19869.0,14563.0
2022,90062,7282.0,9036.0,21555.0,17210.0
2022,90063,12495.0,302.0,48835.0,39211.0
2022,90064,16009.0,619.0,3737.0,9328.0
2022,90065,17169.0,817.0,23264.0,26911.0
2022,90066,31481.0,2639.0,13822.0,20022.0
2022,90067,1825.0,61.0,166.0,767.0
2022,90068,16010.0,1419.0,2521.0,3635.0
2022,90069,16365.0,521.0,1565.0,3159.0
2022,90071,52.0,87.0,138.0,174.0
2022,90073,583.0,165.0,226.0,266.0
2022,90077,6262.0,180.0,467.0,1426.0
2022,90079,0.0,0.0,0.0,0.0
2022,90089,1838.0,409.0,653.0,1917.0
2022,90094,6968.0,889.0,1733.0,4034.0
2022,90095,0.0,0.0,0.0,0.0
2022,90210,15927.0,320.0,1145.0,2933.0
2022,90211,6234.0,209.0,765.0,2765.0
2022,90212,8058.0,188.0,911.0,2635.0
2022,90230,16780.0,2832.0,9649.0,12393.0
2022,90232,9182.0,673.0,3376.0,6497.0
2022,90245,11259.0,818.0,3207.0,5004.0
2022,90247,8189.0,8076.0,23415.0,31417.0
2022,90248,1895.0,2150.0,3864.0,7408.0
2022,90250,29122.0,23003.0,51672.0,44075.0
2022,90262,21884.0,5388.0,58104.0,38801.0
2022,90265,12990.0,128.0,1808.0,3534.0
2022,90272,17587.0,172.0,961.0,3539.0
2022,90275,21087.0,762.0,4569.0,20092.0
2022,90280,32757.0,943.0,87875.0,58562.0
2022,90290,4273.0,128.0,448.0,899.0
2022,90291,18651.0,1495.0,4396.0,5510.0
2022,90292,17501.0,1604.0,2590.0,5376.0
2022,90293,9425.0,465.0,2200.0,3149.0
2022,90301,7096.0,11619.0,21354.0,18626.0
2022,90302,5027.0,12320.0,12837.0,11960.0
2022,90304,7416.0,955.0,22003.0,17354.0
2022,90305,1264.0,10950.0,2149.0,2465.0
2022,90402,9274.0,66.0,1383.0,2476.0
2022,90403,17812.0,603.0,2873.0,5677.0
2022,90404,13359.0,2211.0,6770.0,8405.0
2022,90405,19424.0,1352.0,4383.0,6205.0
2022,90501,12653.0,2378.0,18256.0,27505.0
2022,90502,4130.0,1369.0,6413.0,12931.0
2022,90504,9923.0,1150.0,8090.0,21892.0
2022,90710,8775.0,3414.0,12554.0,15328.0
2022,90717,10875.0,1076.0,7314.0,9837.0
2022,90731,33447.0,3366.0,36600.0,26618.0
2022,90732,13846.0,1015.0,7064.0,7217.0
2022,90744,31134.0,1918.0,47987.0,21225.0
2022,90745,13536.0,3764.0,27044.0,41435.0
2022,90802,19421.0,5696.0,15346.0,14895.0
2022,90810,11955.0,3089.0,20479.0,21262.0
2022,90813,17545.0,5685.0,35464.0,30417.0
2022,91011,11893.0,218.0,2004.0,8278.0
2022,91030,11970.0,988.0,4828.0,13625.0
2022,91040,14305.0,607.0,4657.0,5999.0
2022,91042,17387.0,518.0,7153.0,9214.0
2022,91105,7734.0,290.0,2093.0,4668.0
2022,91201,17282.0,218.0,4418.0,4663.0
2022,91204,10858.0,488.0,6399.0,7099.0
2022,91205,23691.0,673.0,9337.0,11391.0
2022,91206,23489.0,669.0,4642.0,8136.0
2022,91214,18305.0,223.0,5201.0,13816.0
2022,91302,20384.0,691.0,1836.0,5243.0
2022,91303,10821.0,1179.0,18126.0,18611.0
2022,91304,23029.0,2630.0,23319.0,28710.0
2022,91306,16603.0,1632.0,24545.0,31225.0
2022,91307,15477.0,1148.0,3899.0,8743.0
2022,91311,20531.0,2485.0,11250.0,17180.0
2022,91316,21386.0,677.0,4274.0,6434.0
2022,91321,16935.0,727.0,18443.0,16643.0
2022,91324,11138.0,1697.0,11485.0,16909.0
2022,91325,14922.0,2045.0,13524.0,18570.0
2022,91326,16303.0,3026.0,4897.0,17174.0
2022,91330,1322.0,228.0,826.0,1149.0
2022,91331,33934.0,1902.0,87853.0,63968.0
2022,91335,30301.0,3190.0,40540.0,43667.0
2022,91340,13410.0,694.0,31842.0,20718.0
2022,91342,39830.0,3511.0,68855.0,49239.0
2022,91343,19707.0,3179.0,37511.0,40307.0
2022,91344,29085.0,1620.0,17103.0,23157.0
2022,91345,5811.0,375.0,12411.0,12295.0
2022,91352,18728.0,1015.0,31826.0,25858.0
2022,91356,20701.0,1895.0,5070.0,8003.0
2022,91364,19722.0,1610.0,3783.0,7433.0
2022,91367,29423.0,3251.0,6933.0,12188.0
2022,91371,0.0,0.0,0.0,0.0
2022,91401,20402.0,2122.0,17301.0,16655.0
2022,91402,12486.0,2196.0,47590.0,53255.0
2022,91403,17965.0,1566.0,4288.0,6356.0
2022,91405,20437.0,2371.0,33815.0,32643.0
2022,91406,20578.0,2348.0,30707.0,30350.0
2022,91411,10923.0,1721.0,11299.0,11045.0
2022,91423,23195.0,1580.0,4413.0,7012.0
2022,91436,13569.0,338.0,1254.0,2283.0
2022,91501,13912.0,317.0,3156.0,4722.0
2022,91504,17001.0,1269.0,6322.0,9209.0
2022,91505,19706.0,978.0,8968.0,11472.0
2022,91506,12479.0,234.0,4983.0,6846.0
2022,91601,20086.0,3479.0,11778.0,12050.0
2022,91602,12643.0,1433.0,3709.0,5904.0
2022,91604,23363.0,1366.0,3817.0,7344.0
2022,91605,22682.0,1050.0,31259.0,27922.0
2022,91606,22253.0,2182.0,23367.0,19117.0
2022,91607,18441.0,2177.0,7152.0,10116.0
2022,91608,56.0,0.0,23.0,0.0
2022,91754,4941.0,472.0,10553.0,28524.0
2022,91801,8975.0,1448.0,17464.0,42897.0
2022,91803,5155.0,577.0,11412.0,23274.0
2023,90001,10954.0,4183.0,51456.0,41266.0
2023,90002,8167.0,8154.0,43219.0,36414.0
2023,90003,9242.0,12009.0,58066.0,50457.0
2023,90004,16227.0,2668.0,27055.0,39949.0
2023,90005,7181.0,2150.0,18498.0,29416.0
2023,90006,8989.0,1889.0,39104.0,44314.0
2023,90007,11502.0,3354.0,20643.0,24397.0
2023,90008,3012.0,20684.0,9021.0,9747.0
2023,90010,881.0,264.0,391.0,3333.0
2023,90011,13673.0,6276.0,94292.0,82835.0
2023,90012,8563.0,4723.0,10684.0,24177.0
2023,90013,4654.0,3461.0,3661.0,6776.0
2023,90014,3065.0,2081.0,2173.0,4394.0
2023,90015,6747.0,2375.0,11442.0,16135.0
2023,90016,11228.0,12946.0,23800.0,21928.0
2023,90017,5868.0,3782.0,16351.0,19331.0
2023,90018,10598.0,11933.0,27880.0,26281.0
2023,90019,16003.0,10498.0,25311.0,32787.0
2023,90020,6663.0,2252.0,13274.0,29446.0
2023,90021,800.0,668.0,1523.0,1684.0
2023,90023,7194.0,298.0,42851.0,37116.0
2023,90024,26772.0,2332.0,6818.0,21726.0
2023,90025,26492.0,1711.0,6785.0,17035.0
2023,90026,24131.0,2389.0,29062.0,36382.0
2023,90027,28502.0,1945.0,10402.0,15602.0
2023,90028,14761.0,2700.0,9513.0,13980.0
2023,90029,10753.0,1512.0,16548.0,21565.0
2023,90031,5691.0,769.0,21195.0,30421.0
2023,90032,10191.0,1367.0,32305.0,32166.0
2023,90033,7191.0,851.0,41788.0,38498.0
2023,90034,24910.0,5329.0,14126.0,24881.0
2023,90035,18527.0,2138.0,3804.0,7186.0
2023,90036,22118.0,2806.0,5058.0,13860.0
2023,90037,11565.0,10396.0,54156.0,45934.0
2023,90038,11031.0,1944.0,13532.0,14832.0
2023,90039,14118.0,533.0,8976.0,13921.0
2023,90041,10956.0,423.0,9152.0,15972.0
2023,90042,19292.0,1132.0,32960.0,37920.0
2023,90043,4605.0,25750.0,11467.0,13193.0
2023,90044,9892.0,28481.0,64416.0,57486.0
2023,90045,22806.0,3553.0,8080.0,15993.0
2023,90046,33761.0,2687.0,8008.0,12457.0
2023,90047,4383.0,27355.0,19707.0,19187.0
2023,90048,15630.0,950.0,1571.0,4216.0
2023,90049,28351.0,560.0,3033.0,7824.0
2023,90056,1089.0,5539.0,1368.0,2280.0
2023,90057,7689.0,3117.0,31113.0,34742.0
2023,90058,1371.0,379.0,2580.0,1659.0
2023,90059,4839.0,9556.0,26787.0,23620.0
2023,90061,3862.0,7512.0,19886.0,17104.0
2023,90062,4443.0,8353.0,20322.0,19314.0
2023,90063,9103.0,200.0,47331.0,41233.0
2023,90064,15235.0,986.0,3702.0,10273.0
2023,90065,15467.0,720.0,23652.0,28888.0
2023,90066,30150.0,2682.0,13600.0,22143.0
2023,90067,1925.0,101.0,156.0,1139.0
2023,90068,15708.0,1634.0,2781.0,4227.0
2023,90069,16394.0,661.0,1684.0,3263.0
2023,90071,44.0,86.0,130.0,174.0
2023,90073,641.0,140.0,236.0,272.0
2023,90077,6355.0,93.0,538.0,1710.0
2023,90079,0.0,0.0,0.0,0.0
2023,90089,1820.0,392.0,989.0,2565.0
2023,90094,6911.0,1016.0,1530.0,4200.0
2023,90095,0.0,0.0,0.0,0.0
2023,90210,16179.0,398.0,1137.0,3075.0
2023,90211,6044.0,131.0,493.0,2696.0
2023,90212,7913.0,272.0,926.0,2649.0
2023,90230,14665.0,2530.0,9462.0,14375.0
2023,90232,9215.0,666.0,3164.0,6923.0
2023,90245,10589.0,473.0,3501.0,5801.0
2023,90247,6234.0,7265.0,23501.0,33804.0
2023,90248,1721.0,2359.0,3412.0,7064.0
2023,90250,24282.0,22051.0,51863.0,48658.0
2023,90262,15353.0,5381.0,57255.0,44184.0
2023,90265,12469.0,181.0,1511.0,3264.0
2023,90272,17703.0,198.0,898.0,3537.0
2023,90275,20033.0,867.0,4965.0,20467.0
2023,90280,21923.0,936.0,87082.0,68860.0
2023,90290,4767.0,89.0,342.0,1092.0
2023,90291,18048.0,1465.0,3681.0,6225.0
2023,90292,16170.0,1551.0,2793.0,5963.0
2023,90293,8661.0,540.0,2456.0,3583.0
2023,90301,5553.0,11371.0,20893.0,19504.0
2023,90302,4345.0,12567.0,12131.0,11959.0
2023,90304,5405.0,1005.0,22572.0,19805.0
2023,90305,949.0,11056.0,2044.0,2607.0
2023,90402,8560.0,71.0,1087.0,2547.0
2023,90403,17410.0,631.0,3007.0,7046.0
2023,90404,12110.0,2277.0,6204.0,8494.0
2023,90405,19356.0,1125.0,3975.0,6328.0
2023,90501,10746.0,2159.0,17814.0,28414.0
2023,90502,3812.0,1431.0,6559.0,12871.0
2023,90504,9426.0,1377.0,8665.0,22518.0
2023,90710,7792.0,3127.0,12828.0,15858.0
2023,90717,10416.0,865.0,7261.0,10038.0
2023,90731,30330.0,3370.0,35532.0,28752.0
2023,90732,13446.0,949.0,7885.0,8709.0
2023,90744,28744.0,2086.0,47275.0,22848.0
2023,90745,11237.0,3916.0,25587.0,42799.0
2023,90802,18114.0,6484.0,14936.0,15261.0
2023,90810,10221.0,2716.0,19521.0,22711.0
2023,90813,14122.0,5835.0,33143.0,31732.0
2023,91011,11529.0,163.0,1792.0,8402.0
2023,91030,10795.0,932.0,5406.0,14570.0
2023,91040,14086.0,742.0,4758.0,6608.0
2023,91042,16878.0,486.0,7273.0,9691.0
2023,91105,7358.0,359.0,1962.0,4829.0
2023,91201,16968.0,174.0,4188.0,5119.0
2023,91204,10340.0,472.0,7003.0,8035.0
2023,91205,22309.0,665.0,8778.0,11916.0
2023,91206,23502.0,510.0,4742.0,8318.0
2023,91214,17351.0,321.0,4394.0,14035.0
2023,91302,19974.0,694.0,1893.0,5537.0
2023,91303,9180.0,1325.0,16767.0,19017.0
2023,91304,20606.0,2301.0,22413.0,30887.0
2023,91306,14368.0,1685.0,22807.0,32124.0
2023,91307,16235.0,1136.0,3946.0,8452.0
2023,91311,19138.0,2729.0,11696.0,18690.0
2023,91316,22271.0,463.0,3450.0,6512.0
2023,91321,14657.0,773.0,17531.0,17238.0
2023,91324,10397.0,1538.0,11692.0,17575.0
2023,91325,14921.0,1859.0,12699.0,18336.0
2023,91326,16259.0,2899.0,5117.0,17910.0
2023,91330,1191.0,254.0,734.0,1146.0
2023,91331,21466.0,2045.0,86417.0,75309.0
2023,91335,26982.0,3311.0,38528.0,44509.0
2023,91340,9262.0,644.0,30731.0,23844.0
2023,91342,30297.0,3562.0,69590.0,59654.0
2023,91343,17682.0,2485.0,35992.0,41440.0
2023,91344,27285.0,1476.0,16533.0,24487.0
2023,91345,4910.0,495.0,12067.0,12877.0
2023,91352,16652.0,1085.0,31416.0,28416.0
2023,91356,20006.0,1821.0,5100.0,8982.0
2023,91364,19373.0,1422.0,3896.0,7867.0
2023,91367,27569.0,3582.0,6498.0,14276.0
2023,91371,0.0,0.0,0.0,0.0
2023,91401,18800.0,1988.0,17366.0,18223.0
2023,91402,11257.0,1871.0,46424.0,53582.0
2023,91403,17625.0,1585.0,4100.0,6356.0
2023,91405,18623.0,2422.0,32960.0,33842.0
2023,91406,18991.0,2204.0,30596.0,31466.0
2023,91411,9692.0,1653.0,11126.0,12175.0
2023,91423,22939.0,1671.0,4583.0,7926.0
2023,91436,13319.0,311.0,1422.0,2794.0
2023,91501,13453.0,425.0,3073.0,5465.0
2023,91504,16366.0,1332.0,6776.0,9570.0
2023,91505,18160.0,1089.0,9346.0,12594.0
2023,91506,10975.0,294.0,4741.0,7504.0
2023,91601,18864.0,4114.0,12202.0,14055.0
2023,91602,11907.0,1387.0,3864.0,6466.0
2023,91604,22822.0,1586.0,3441.0,7710.0
2023,91605,19491.0,929.0,32346.0,31666.0
2023,91606,18800.0,2151.0,22828.0,22251.0
2023,91607,18736.0,2297.0,6613.0,9885.0
2023,91608,38.0,0.0,9.0,0.0
2023,91754,4281.0,455.0,9927.0,28440.0
2023,91801,8129.0,1566.0,17695.0,44035.0
2023,91803,3943.0,490.0,10921.0,23370.0
