year,zip_code,cars_count,vans_count,campers_or_rvs_count,tents_count,homeless_individuals_count
2011,90001,7.0,3.0,2.0,0.0,53.0
2011,90002,8.0,23.0,24.0,11.0,137.0
2011,90003,9.0,9.0,9.0,0.0,98.0
2011,90004,15.0,14.0,3.0,2.0,82.0
2011,90005,5.0,7.0,4.0,0.0,83.0
2011,90006,10.0,23.0,6.0,2.0,53.0
2011,90007,7.0,12.0,10.0,4.0,44.0
2011,90008,0.0,0.0,1.0,0.0,14.0
2011,90010,5.0,7.0,4.0,0.0,76.0
2011,90011,5.0,8.0,13.0,1.0,36.0
2011,90012,10.0,4.0,9.0,45.0,533.0
2011,90013,19.0,8.0,8.0,84.0,723.0
2011,90014,15.0,7.0,1.0,42.0,418.0
2011,90015,10.0,14.0,12.0,16.0,227.0
2011,90016,7.0,15.0,18.0,0.0,48.0
2011,90017,1.0,8.0,2.0,4.0,66.0
2011,90018,9.0,9.0,13.0,1.0,28.0
2011,90019,14.0,21.0,18.0,1.0,72.0
2011,90020,4.0,6.0,2.0,2.0,76.0
2011,90021,15.0,7.0,1.0,42.0,306.0
2011,90023,10.0,19.0,11.0,0.0,51.0
2011,90024,3.0,2.0,1.0,0.0,24.0
2011,90025,8.0,14.0,13.0,0.0,25.0
2011,90026,11.0,33.0,15.0,0.0,100.0
2011,90027,13.0,22.0,14.0,0.0,85.0
2011,90028,31.0,34.0,27.0,2.0,371.0
2011,90029,24.0,48.0,19.0,1.0,93.0
2011,90031,4.0,1.0,4.0,0.0,11.0
2011,90032,0.0,8.0,27.0,0.0,6.0
2011,90033,19.0,26.0,21.0,1.0,79.0
2011,90034,2.0,12.0,14.0,1.0,27.0
2011,90035,0.0,0.0,0.0,0.0,9.0
2011,90036,14.0,9.0,6.0,1.0,59.0
2011,90037,3.0,11.0,25.0,1.0,74.0
2011,90038,37.0,45.0,18.0,2.0,126.0
2011,90039,5.0,14.0,11.0,0.0,22.0
2011,90041,0.0,6.0,10.0,0.0,1.0
2011,90042,0.0,3.0,8.0,0.0,4.0
2011,90043,0.0,1.0,1.0,0.0,2.0
2011,90044,19.0,18.0,18.0,0.0,146.0
2011,90045,2.0,12.0,25.0,0.0,21.0
2011,90046,5.0,15.0,9.0,1.0,121.0
2011,90047,16.0,10.0,16.0,0.0,113.0
2011,90048,0.0,2.0,2.0,1.0,22.0
2011,90049,0.0,4.0,4.0,0.0,9.0
2011,90056,0.0,2.0,2.0,0.0,8.0
2011,90057,3.0,11.0,4.0,2.0,85.0
2011,90058,4.0,3.0,11.0,0.0,17.0
2011,90059,2.0,1.0,14.0,11.0,68.0
2011,90061,1.0,3.0,1.0,0.0,3.0
2011,90062,4.0,5.0,22.0,0.0,41.0
2011,90063,10.0,7.0,17.0,0.0,22.0
2011,90064,11.0,17.0,20.0,0.0,16.0
2011,90065,3.0,8.0,7.0,0.0,10.0
2011,90066,22.0,50.0,52.0,0.0,25.0
2011,90067,0.0,0.0,0.0,0.0,0.0
2011,90068,7.0,6.0,11.0,1.0,52.0
2011,90069,0.0,1.0,0.0,0.0,14.0
2011,90071,0.0,0.0,1.0,4.0,64.0
2011,90073,0.0,0.0,0.0,0.0,1.0
2011,90077,0.0,0.0,0.0,0.0,0.0
2011,90079,0.0,0.0,0.0,4.0,22.0
2011,90089,,,,,
2011,90090,,,,,
2011,90094,,,,,
2011,90095,,,,,
2011,90210,0.0,0.0,0.0,0.0,14.0
2011,90211,0.0,0.0,0.0,0.0,9.0
2011,90212,1.0,0.0,0.0,0.0,6.0
2011,90230,31.0,5.0,8.0,0.0,19.0
2011,90232,29.0,10.0,9.0,1.0,20.0
2011,90245,2.0,4.0,7.0,0.0,10.0
2011,90247,2.0,10.0,10.0,0.0,21.0
2011,90248,5.0,5.0,13.0,0.0,12.0
2011,90250,0.0,1.0,2.0,0.0,4.0
2011,90262,1.0,3.0,4.0,0.0,34.0
2011,90265,0.0,5.0,5.0,0.0,6.0
2011,90272,0.0,0.0,5.0,1.0,7.0
2011,90275,2.0,6.0,2.0,0.0,0.0
2011,90280,18.0,44.0,23.0,0.0,50.0
2011,90290,0.0,5.0,3.0,0.0,0.0
2011,90291,25.0,69.0,47.0,1.0,205.0
2011,90292,9.0,10.0,7.0,0.0,29.0
2011,90293,2.0,9.0,15.0,0.0,10.0
2011,90301,2.0,1.0,0.0,0.0,2.0
2011,90302,2.0,1.0,1.0,0.0,9.0
2011,90304,1.0,0.0,3.0,0.0,11.0
2011,90305,,,,,
2011,90402,2.0,0.0,0.0,0.0,4.0
2011,90403,3.0,2.0,1.0,0.0,57.0
2011,90404,9.0,7.0,10.0,2.0,193.0
2011,90405,21.0,13.0,20.0,2.0,198.0
2011,90501,3.0,7.0,7.0,0.0,6.0
2011,90502,0.0,0.0,1.0,0.0,2.0
2011,90504,4.0,11.0,13.0,0.0,7.0
2011,90710,5.0,9.0,9.0,0.0,100.0
2011,90717,4.0,3.0,3.0,0.0,4.0
2011,90731,9.0,20.0,28.0,1.0,25.0
2011,90732,0.0,5.0,8.0,1.0,2.0
2011,90744,8.0,16.0,42.0,0.0,133.0
2011,90745,1.0,5.0,10.0,0.0,7.0
2011,90802,1.0,1.0,0.0,0.0,0.0
2011,90810,2.0,0.0,17.0,0.0,8.0
2011,90813,,,,,
2011,91011,,,,,
2011,91030,0.0,0.0,0.0,0.0,0.0
2011,91040,0.0,0.0,0.0,0.0,0.0
2011,91042,0.0,0.0,0.0,0.0,0.0
2011,91105,0.0,2.0,0.0,0.0,0.0
2011,91201,,,,,
2011,91204,,,,,
2011,91205,0.0,0.0,0.0,0.0,0.0
2011,91206,,,,,
2011,91214,,,,,
2011,91302,,,,,
2011,91303,1.0,6.0,25.0,0.0,20.0
2011,91304,5.0,8.0,44.0,0.0,31.0
2011,91306,2.0,3.0,23.0,0.0,22.0
2011,91307,0.0,2.0,1.0,0.0,7.0
2011,91311,2.0,3.0,16.0,0.0,11.0
2011,91316,0.0,0.0,0.0,0.0,5.0
2011,91321,1.0,1.0,1.0,0.0,1.0
2011,91324,1.0,0.0,0.0,0.0,3.0
2011,91325,,,,,
2011,91326,0.0,0.0,0.0,0.0,0.0
2011,91330,,,,,
2011,91331,6.0,2.0,11.0,0.0,16.0
2011,91335,0.0,0.0,1.0,0.0,0.0
2011,91340,7.0,2.0,7.0,0.0,13.0
2011,91342,3.0,2.0,1.0,0.0,2.0
2011,91343,0.0,4.0,2.0,0.0,1.0
2011,91344,0.0,0.0,0.0,0.0,0.0
2011,91345,1.0,1.0,5.0,0.0,14.0
2011,91352,0.0,0.0,0.0,0.0,0.0
2011,91356,0.0,0.0,1.0,0.0,6.0
2011,91364,0.0,0.0,1.0,0.0,6.0
2011,91367,0.0,1.0,1.0,0.0,5.0
2011,91371,0.0,0.0,0.0,0.0,0.0
2011,91401,1.0,3.0,3.0,0.0,15.0
2011,91402,1.0,2.0,5.0,0.0,17.0
2011,91403,1.0,0.0,0.0,0.0,3.0
2011,91405,3.0,1.0,0.0,0.0,26.0
2011,91406,0.0,1.0,4.0,0.0,8.0
2011,91411,1.0,3.0,3.0,0.0,15.0
2011,91423,0.0,0.0,0.0,0.0,1.0
2011,91436,0.0,0.0,0.0,0.0,4.0
2011,91501,4.0,8.0,7.0,0.0,9.0
2011,91504,4.0,5.0,6.0,0.0,2.0
2011,91505,6.0,10.0,16.0,0.0,17.0
2011,91506,3.0,2.0,7.0,0.0,7.0
2011,91601,1.0,0.0,0.0,0.0,0.0
2011,91602,0.0,0.0,0.0,0.0,0.0
2011,91604,0.0,0.0,0.0,0.0,1.0
2011,91605,3.0,6.0,2.0,3.0,6.0
2011,91606,4.0,6.0,1.0,3.0,5.0
2011,91607,1.0,0.0,0.0,0.0,0.0
2011,91608,,,,,
2011,91754,0.0,1.0,0.0,0.0,1.0
2011,91801,0.0,0.0,0.0,0.0,1.0
2011,91803,0.0,0.0,0.0,0.0,0.0
2013,90001,9.0,7.0,12.0,6.0,111.0
2013,90002,11.0,4.0,13.0,6.0,121.0
2013,90003,24.0,43.0,46.0,18.0,344.0
2013,90004,21.0,24.0,10.0,1.0,103.0
2013,90005,0.0,10.0,3.0,0.0,86.0
2013,90006,2.0,15.0,15.0,0.0,52.0
2013,90007,23.0,11.0,5.0,1.0,40.0
2013,90008,11.0,10.0,20.0,0.0,132.0
2013,90010,0.0,9.0,1.0,0.0,84.0
2013,90011,44.0,51.0,43.0,41.0,453.0
2013,90012,4.0,4.0,14.0,92.0,611.0
2013,90013,10.0,17.0,18.0,154.0,799.0
2013,90014,13.0,2.0,16.0,101.0,568.0
2013,90015,12.0,19.0,16.0,94.0,611.0
2013,90016,6.0,19.0,30.0,3.0,96.0
2013,90017,3.0,11.0,0.0,14.0,235.0
2013,90018,6.0,19.0,16.0,3.0,71.0
2013,90019,5.0,11.0,26.0,0.0,38.0
2013,90020,13.0,16.0,5.0,0.0,70.0
2013,90021,9.0,14.0,24.0,93.0,296.0
2013,90023,1.0,16.0,22.0,16.0,92.0
2013,90024,4.0,3.0,0.0,0.0,8.0
2013,90025,16.0,15.0,21.0,0.0,56.0
2013,90026,14.0,16.0,14.0,5.0,71.0
2013,90027,4.0,11.0,11.0,2.0,104.0
2013,90028,18.0,18.0,25.0,3.0,316.0
2013,90029,21.0,32.0,16.0,3.0,106.0
2013,90031,8.0,18.0,18.0,4.0,21.0
2013,90032,2.0,9.0,16.0,3.0,5.0
2013,90033,6.0,30.0,26.0,23.0,123.0
2013,90034,6.0,2.0,14.0,2.0,21.0
2013,90035,1.0,2.0,5.0,0.0,16.0
2013,90036,3.0,4.0,8.0,0.0,82.0
2013,90037,23.0,15.0,8.0,3.0,105.0
2013,90038,14.0,20.0,24.0,1.0,117.0
2013,90039,8.0,4.0,10.0,0.0,17.0
2013,90041,14.0,20.0,18.0,2.0,28.0
2013,90042,5.0,12.0,28.0,7.0,19.0
2013,90043,5.0,6.0,6.0,1.0,88.0
2013,90044,30.0,55.0,57.0,13.0,214.0
2013,90045,16.0,22.0,51.0,1.0,66.0
2013,90046,6.0,10.0,3.0,0.0,96.0
2013,90047,17.0,37.0,35.0,2.0,83.0
2013,90048,1.0,0.0,0.0,0.0,41.0
2013,90049,6.0,6.0,1.0,0.0,14.0
2013,90056,6.0,5.0,4.0,0.0,9.0
2013,90057,0.0,7.0,0.0,0.0,107.0
2013,90058,12.0,33.0,31.0,46.0,168.0
2013,90059,7.0,3.0,10.0,6.0,96.0
2013,90061,5.0,2.0,9.0,0.0,29.0
2013,90062,7.0,9.0,8.0,2.0,74.0
2013,90063,1.0,7.0,10.0,0.0,17.0
2013,90064,10.0,12.0,21.0,2.0,22.0
2013,90065,1.0,13.0,19.0,0.0,18.0
2013,90066,19.0,33.0,48.0,2.0,22.0
2013,90067,0.0,0.0,0.0,0.0,2.0
2013,90068,9.0,7.0,6.0,1.0,67.0
2013,90069,1.0,0.0,0.0,0.0,29.0
2013,90071,3.0,1.0,0.0,18.0,179.0
2013,90073,3.0,1.0,0.0,0.0,0.0
2013,90077,1.0,2.0,0.0,0.0,1.0
2013,90079,0.0,6.0,0.0,6.0,94.0
2013,90089,0.0,0.0,0.0,0.0,0.0
2013,90090,0.0,0.0,5.0,0.0,0.0
2013,90094,3.0,8.0,7.0,0.0,3.0
2013,90095,,,,,
2013,90210,1.0,0.0,0.0,0.0,21.0
2013,90211,0.0,0.0,0.0,0.0,12.0
2013,90212,0.0,2.0,2.0,0.0,12.0
2013,90230,6.0,16.0,14.0,0.0,18.0
2013,90232,4.0,2.0,4.0,2.0,7.0
2013,90245,0.0,6.0,4.0,0.0,18.0
2013,90247,10.0,2.0,20.0,1.0,16.0
2013,90248,8.0,21.0,36.0,0.0,24.0
2013,90250,5.0,0.0,3.0,0.0,9.0
2013,90262,5.0,13.0,3.0,5.0,46.0
2013,90265,6.0,11.0,9.0,3.0,23.0
2013,90272,0.0,0.0,2.0,1.0,9.0
2013,90275,0.0,3.0,2.0,0.0,2.0
2013,90280,14.0,21.0,8.0,0.0,45.0
2013,90290,3.0,6.0,6.0,1.0,7.0
2013,90291,15.0,52.0,40.0,22.0,189.0
2013,90292,6.0,7.0,14.0,16.0,41.0
2013,90293,2.0,15.0,16.0,0.0,18.0
2013,90301,5.0,3.0,5.0,1.0,54.0
2013,90302,3.0,0.0,4.0,1.0,30.0
2013,90304,8.0,0.0,7.0,0.0,73.0
2013,90305,4.0,2.0,1.0,0.0,11.0
2013,90402,4.0,2.0,1.0,0.0,1.0
2013,90403,32.0,0.0,0.0,0.0,62.0
2013,90404,15.0,0.0,0.0,0.0,231.0
2013,90405,27.0,28.0,16.0,4.0,269.0
2013,90501,6.0,17.0,22.0,0.0,5.0
2013,90502,4.0,11.0,21.0,0.0,6.0
2013,90504,1.0,4.0,3.0,0.0,1.0
2013,90710,7.0,9.0,31.0,1.0,7.0
2013,90717,1.0,10.0,23.0,1.0,3.0
2013,90731,12.0,29.0,45.0,1.0,31.0
2013,90732,1.0,6.0,26.0,0.0,3.0
2013,90744,7.0,16.0,61.0,0.0,31.0
2013,90745,4.0,5.0,35.0,0.0,11.0
2013,90802,1.0,0.0,1.0,0.0,0.0
2013,90810,6.0,6.0,22.0,0.0,4.0
2013,90813,,,,,
2013,91011,2.0,1.0,0.0,1.0,2.0
2013,91030,0.0,1.0,1.0,0.0,4.0
2013,91040,4.0,5.0,5.0,14.0,95.0
2013,91042,3.0,7.0,16.0,12.0,87.0
2013,91105,5.0,10.0,2.0,2.0,6.0
2013,91201,,,,,
2013,91204,,,,,
2013,91205,,,,,
2013,91206,0.0,0.0,0.0,1.0,1.0
2013,91214,0.0,2.0,2.0,0.0,6.0
2013,91302,3.0,1.0,0.0,0.0,7.0
2013,91303,4.0,3.0,24.0,0.0,31.0
2013,91304,5.0,11.0,20.0,1.0,15.0
2013,91306,2.0,6.0,8.0,0.0,7.0
2013,91307,0.0,0.0,18.0,0.0,7.0
2013,91311,1.0,6.0,13.0,1.0,1.0
2013,91316,,,,,
2013,91321,7.0,1.0,4.0,4.0,14.0
2013,91324,0.0,0.0,0.0,0.0,0.0
2013,91325,1.0,0.0,0.0,0.0,8.0
2013,91326,1.0,1.0,4.0,0.0,1.0
2013,91330,,,,,
2013,91331,1.0,0.0,2.0,0.0,14.0
2013,91335,0.0,4.0,1.0,0.0,2.0
2013,91340,0.0,0.0,5.0,0.0,10.0
2013,91342,1.0,0.0,9.0,7.0,46.0
2013,91343,2.0,1.0,5.0,3.0,45.0
2013,91344,1.0,0.0,0.0,0.0,8.0
2013,91345,0.0,0.0,0.0,0.0,0.0
2013,91352,55.0,44.0,54.0,3.0,87.0
2013,91356,0.0,0.0,0.0,0.0,0.0
2013,91364,0.0,1.0,0.0,0.0,2.0
2013,91367,1.0,5.0,3.0,0.0,14.0
2013,91371,1.0,1.0,2.0,0.0,3.0
2013,91401,0.0,1.0,12.0,2.0,42.0
2013,91402,0.0,1.0,1.0,0.0,22.0
2013,91403,1.0,2.0,0.0,0.0,0.0
2013,91405,1.0,5.0,5.0,6.0,40.0
2013,91406,5.0,7.0,10.0,2.0,26.0
2013,91411,0.0,0.0,8.0,1.0,25.0
2013,91423,1.0,2.0,0.0,0.0,0.0
2013,91436,,,,,
2013,91501,3.0,1.0,10.0,2.0,14.0
2013,91504,3.0,6.0,16.0,2.0,20.0
2013,91505,13.0,13.0,31.0,0.0,24.0
2013,91506,2.0,4.0,10.0,0.0,10.0
2013,91601,17.0,18.0,15.0,0.0,46.0
2013,91602,12.0,10.0,0.0,0.0,32.0
2013,91604,1.0,1.0,0.0,0.0,8.0
2013,91605,46.0,46.0,50.0,2.0,80.0
2013,91606,10.0,16.0,42.0,2.0,41.0
2013,91607,6.0,0.0,7.0,2.0,10.0
2013,91608,,,,,
2013,91754,2.0,1.0,10.0,0.0,9.0
2013,91801,2.0,0.0,1.0,0.0,12.0
2013,91803,1.0,0.0,1.0,0.0,10.0
2015,90001,20.0,51.0,64.0,18.0,358.0
2015,90002,25.0,26.0,65.0,3.0,258.0
2015,90003,47.0,42.0,103.0,35.0,478.0
2015,90004,8.0,27.0,30.0,17.0,127.0
2015,90005,14.0,8.0,7.0,1.0,115.0
2015,90006,16.0,16.0,24.0,7.0,105.0
2015,90007,13.0,18.0,39.0,9.0,130.0
2015,90008,8.0,8.0,3.0,1.0,58.0
2015,90010,10.0,6.0,6.0,1.0,102.0
2015,90011,43.0,65.0,61.0,63.0,393.0
2015,90012,4.0,21.0,19.0,240.0,883.0
2015,90013,5.0,10.0,7.0,251.0,1180.0
2015,90014,6.0,15.0,14.0,152.0,986.0
2015,90015,13.0,27.0,29.0,94.0,663.0
2015,90016,50.0,42.0,56.0,18.0,142.0
2015,90017,12.0,36.0,8.0,50.0,227.0
2015,90018,48.0,45.0,35.0,1.0,104.0
2015,90019,30.0,37.0,47.0,4.0,95.0
2015,90020,12.0,24.0,6.0,11.0,88.0
2015,90021,6.0,14.0,14.0,136.0,702.0
2015,90023,10.0,30.0,26.0,9.0,68.0
2015,90024,3.0,5.0,3.0,1.0,61.0
2015,90025,14.0,15.0,14.0,1.0,145.0
2015,90026,8.0,44.0,31.0,28.0,121.0
2015,90027,20.0,19.0,5.0,4.0,142.0
2015,90028,55.0,17.0,31.0,15.0,396.0
2015,90029,29.0,27.0,16.0,17.0,191.0
2015,90031,22.0,27.0,37.0,29.0,91.0
2015,90032,16.0,10.0,41.0,11.0,22.0
2015,90033,12.0,30.0,23.0,13.0,84.0
2015,90034,12.0,13.0,50.0,3.0,75.0
2015,90035,9.0,3.0,8.0,0.0,43.0
2015,90036,2.0,7.0,20.0,2.0,147.0
2015,90037,22.0,45.0,51.0,8.0,236.0
2015,90038,47.0,25.0,32.0,15.0,182.0
2015,90039,2.0,2.0,7.0,5.0,35.0
2015,90041,9.0,11.0,18.0,0.0,15.0
2015,90042,2.0,11.0,30.0,13.0,20.0
2015,90043,11.0,12.0,13.0,1.0,47.0
2015,90044,29.0,35.0,100.0,14.0,433.0
2015,90045,13.0,16.0,66.0,19.0,62.0
2015,90046,14.0,7.0,7.0,3.0,167.0
2015,90047,14.0,26.0,81.0,5.0,253.0
2015,90048,1.0,0.0,1.0,0.0,90.0
2015,90049,2.0,6.0,8.0,0.0,68.0
2015,90056,16.0,5.0,9.0,0.0,21.0
2015,90057,11.0,23.0,14.0,13.0,213.0
2015,90058,30.0,34.0,36.0,53.0,286.0
2015,90059,38.0,45.0,52.0,5.0,226.0
2015,90061,92.0,76.0,201.0,21.0,270.0
2015,90062,7.0,19.0,13.0,4.0,92.0
2015,90063,15.0,24.0,34.0,0.0,46.0
2015,90064,16.0,7.0,19.0,0.0,68.0
2015,90065,9.0,20.0,34.0,8.0,35.0
2015,90066,50.0,86.0,101.0,8.0,78.0
2015,90067,5.0,0.0,0.0,0.0,6.0
2015,90068,9.0,5.0,6.0,14.0,76.0
2015,90069,1.0,0.0,0.0,0.0,18.0
2015,90071,0.0,0.0,0.0,21.0,174.0
2015,90073,0.0,0.0,0.0,0.0,0.0
2015,90077,1.0,1.0,0.0,1.0,27.0
2015,90079,1.0,2.0,0.0,6.0,68.0
2015,90089,2.0,0.0,3.0,0.0,16.0
2015,90090,0.0,0.0,0.0,0.0,0.0
2015,90094,2.0,1.0,7.0,0.0,0.0
2015,90095,1.0,1.0,0.0,1.0,27.0
2015,90210,2.0,0.0,0.0,0.0,30.0
2015,90211,1.0,0.0,1.0,0.0,23.0
2015,90212,4.0,0.0,3.0,0.0,27.0
2015,90230,19.0,17.0,26.0,0.0,22.0
2015,90232,2.0,6.0,25.0,0.0,42.0
2015,90245,2.0,4.0,8.0,0.0,24.0
2015,90247,12.0,8.0,22.0,1.0,47.0
2015,90248,90.0,99.0,236.0,10.0,156.0
2015,90250,2.0,21.0,10.0,27.0,46.0
2015,90262,25.0,28.0,29.0,6.0,63.0
2015,90265,1.0,2.0,4.0,0.0,9.0
2015,90272,3.0,1.0,3.0,9.0,70.0
2015,90275,1.0,3.0,0.0,4.0,2.0
2015,90280,10.0,31.0,15.0,2.0,94.0
2015,90290,0.0,1.0,3.0,0.0,1.0
2015,90291,56.0,74.0,54.0,60.0,445.0
2015,90292,5.0,16.0,14.0,7.0,42.0
2015,90293,2.0,5.0,9.0,1.0,27.0
2015,90301,0.0,0.0,8.0,3.0,47.0
2015,90302,17.0,4.0,5.0,3.0,30.0
2015,90304,2.0,11.0,9.0,14.0,58.0
2015,90305,1.0,5.0,2.0,0.0,17.0
2015,90402,2.0,2.0,2.0,9.0,48.0
2015,90403,3.0,2.0,0.0,0.0,71.0
2015,90404,14.0,22.0,7.0,2.0,234.0
2015,90405,21.0,39.0,24.0,7.0,252.0
2015,90501,2.0,7.0,17.0,0.0,9.0
2015,90502,0.0,20.0,14.0,0.0,6.0
2015,90504,3.0,6.0,2.0,0.0,18.0
2015,90710,2.0,6.0,5.0,22.0,27.0
2015,90717,1.0,4.0,1.0,0.0,25.0
2015,90731,12.0,16.0,45.0,9.0,99.0
2015,90732,7.0,14.0,24.0,4.0,28.0
2015,90744,25.0,34.0,85.0,40.0,142.0
2015,90745,3.0,9.0,16.0,8.0,24.0
2015,90802,0.0,0.0,0.0,0.0,0.0
2015,90810,1.0,4.0,21.0,6.0,7.0
2015,90813,,,,,
2015,91011,0.0,0.0,0.0,0.0,0.0
2015,91030,0.0,0.0,0.0,0.0,0.0
2015,91040,12.0,0.0,16.0,0.0,74.0
2015,91042,11.0,0.0,11.0,2.0,83.0
2015,91105,0.0,1.0,5.0,0.0,6.0
2015,91201,,,,,
2015,91204,,,,,
2015,91205,0.0,2.0,2.0,0.0,0.0
2015,91206,,,,,
2015,91214,7.0,0.0,0.0,0.0,29.0
2015,91302,0.0,0.0,1.0,0.0,1.0
2015,91303,3.0,14.0,29.0,0.0,30.0
2015,91304,6.0,14.0,35.0,0.0,28.0
2015,91306,6.0,2.0,34.0,0.0,43.0
2015,91307,2.0,1.0,9.0,0.0,9.0
2015,91311,8.0,9.0,37.0,0.0,31.0
2015,91316,6.0,2.0,5.0,1.0,13.0
2015,91321,14.0,5.0,20.0,1.0,18.0
2015,91324,10.0,7.0,28.0,5.0,50.0
2015,91325,8.0,2.0,15.0,5.0,38.0
2015,91326,1.0,3.0,12.0,2.0,8.0
2015,91330,3.0,1.0,1.0,0.0,30.0
2015,91331,12.0,32.0,72.0,12.0,183.0
2015,91335,3.0,2.0,11.0,1.0,15.0
2015,91340,3.0,4.0,22.0,5.0,39.0
2015,91342,38.0,14.0,79.0,12.0,194.0
2015,91343,7.0,10.0,5.0,0.0,25.0
2015,91344,0.0,0.0,0.0,0.0,3.0
2015,91345,2.0,0.0,2.0,1.0,8.0
2015,91352,19.0,25.0,59.0,4.0,102.0
2015,91356,1.0,7.0,6.0,2.0,23.0
2015,91364,4.0,9.0,8.0,0.0,36.0
2015,91367,10.0,15.0,26.0,0.0,52.0
2015,91371,1.0,0.0,5.0,0.0,11.0
2015,91401,4.0,1.0,10.0,1.0,38.0
2015,91402,8.0,14.0,35.0,11.0,137.0
2015,91403,6.0,3.0,0.0,2.0,38.0
2015,91405,18.0,7.0,22.0,1.0,55.0
2015,91406,9.0,4.0,7.0,1.0,24.0
2015,91411,0.0,1.0,7.0,2.0,28.0
2015,91423,7.0,5.0,4.0,2.0,39.0
2015,91436,0.0,0.0,0.0,0.0,0.0
2015,91501,3.0,0.0,4.0,0.0,38.0
2015,91504,3.0,0.0,7.0,0.0,21.0
2015,91505,9.0,7.0,12.0,1.0,35.0
2015,91506,3.0,6.0,2.0,0.0,8.0
2015,91601,22.0,17.0,17.0,1.0,43.0
2015,91602,15.0,11.0,10.0,1.0,35.0
2015,91604,8.0,5.0,11.0,1.0,23.0
2015,91605,27.0,31.0,66.0,1.0,86.0
2015,91606,25.0,17.0,38.0,0.0,35.0
2015,91607,1.0,1.0,4.0,0.0,8.0
2015,91608,2.0,2.0,4.0,1.0,5.0
2015,91754,3.0,2.0,0.0,0.0,6.0
2015,91801,1.0,4.0,0.0,3.0,8.0
2015,91803,0.0,2.0,0.0,0.0,5.0
2016,90001,30.0,40.0,73.0,23.0,680.0
2016,90002,23.0,20.0,63.0,21.0,496.0
2016,90003,44.0,36.0,76.0,63.0,1507.0
2016,90004,17.0,30.0,14.0,83.0,729.0
2016,90005,4.0,12.0,4.0,17.0,293.0
2016,90006,25.0,28.0,22.0,9.0,428.0
2016,90007,13.0,26.0,60.0,33.0,707.0
2016,90008,34.0,16.0,11.0,17.0,269.0
2016,90010,0.0,3.0,0.0,16.0,186.0
2016,90011,41.0,53.0,102.0,132.0,1546.0
2016,90012,10.0,6.0,13.0,210.0,1581.0
2016,90013,27.0,7.0,2.0,432.0,3851.0
2016,90014,21.0,9.0,2.0,363.0,3595.0
2016,90015,22.0,26.0,25.0,150.0,1324.0
2016,90016,38.0,20.0,46.0,16.0,393.0
2016,90017,5.0,15.0,7.0,101.0,834.0
2016,90018,15.0,20.0,35.0,8.0,366.0
2016,90019,11.0,18.0,52.0,3.0,336.0
2016,90020,5.0,12.0,0.0,20.0,224.0
2016,90021,23.0,8.0,4.0,402.0,3256.0
2016,90023,11.0,28.0,42.0,34.0,482.0
2016,90024,9.0,12.0,17.0,2.0,651.0
2016,90025,22.0,23.0,40.0,20.0,945.0
2016,90026,15.0,31.0,40.0,53.0,953.0
2016,90027,12.0,15.0,11.0,18.0,513.0
2016,90028,19.0,40.0,20.0,28.0,842.0
2016,90029,30.0,44.0,18.0,73.0,983.0
2016,90031,7.0,19.0,34.0,7.0,202.0
2016,90032,1.0,3.0,21.0,0.0,72.0
2016,90033,9.0,25.0,24.0,15.0,567.0
2016,90034,16.0,13.0,26.0,6.0,207.0
2016,90035,2.0,5.0,16.0,3.0,147.0
2016,90036,8.0,3.0,21.0,3.0,189.0
2016,90037,42.0,48.0,82.0,222.0,1861.0
2016,90038,23.0,39.0,24.0,15.0,530.0
2016,90039,7.0,20.0,17.0,8.0,222.0
2016,90041,8.0,9.0,30.0,1.0,117.0
2016,90042,12.0,7.0,54.0,3.0,211.0
2016,90043,10.0,11.0,12.0,0.0,123.0
2016,90044,41.0,38.0,83.0,50.0,1195.0
2016,90045,86.0,24.0,102.0,45.0,830.0
2016,90046,0.0,4.0,13.0,3.0,188.0
2016,90047,27.0,39.0,56.0,15.0,604.0
2016,90048,8.0,2.0,3.0,3.0,132.0
2016,90049,5.0,18.0,20.0,5.0,484.0
2016,90056,9.0,7.0,14.0,0.0,83.0
2016,90057,12.0,16.0,12.0,36.0,626.0
2016,90058,13.0,18.0,31.0,55.0,784.0
2016,90059,25.0,27.0,50.0,29.0,483.0
2016,90061,27.0,21.0,110.0,4.0,528.0
2016,90062,17.0,11.0,21.0,4.0,476.0
2016,90063,5.0,21.0,37.0,0.0,134.0
2016,90064,15.0,12.0,31.0,18.0,276.0
2016,90065,8.0,25.0,40.0,5.0,206.0
2016,90066,40.0,75.0,73.0,9.0,513.0
2016,90067,2.0,0.0,3.0,0.0,16.0
2016,90068,5.0,8.0,6.0,4.0,91.0
2016,90069,1.0,0.0,1.0,0.0,44.0
2016,90071,0.0,0.0,0.0,6.0,149.0
2016,90073,1.0,5.0,12.0,0.0,384.0
2016,90077,0.0,0.0,0.0,0.0,6.0
2016,90079,0.0,7.0,10.0,1.0,67.0
2016,90089,1.0,1.0,19.0,26.0,375.0
2016,90090,0.0,0.0,3.0,0.0,10.0
2016,90094,0.0,0.0,0.0,0.0,0.0
2016,90095,3.0,1.0,0.0,0.0,49.0
2016,90210,1.0,6.0,7.0,0.0,56.0
2016,90211,1.0,0.0,0.0,0.0,15.0
2016,90212,2.0,2.0,0.0,0.0,17.0
2016,90230,16.0,23.0,24.0,0.0,150.0
2016,90232,11.0,7.0,2.0,1.0,77.0
2016,90245,1.0,0.0,1.0,8.0,62.0
2016,90247,11.0,10.0,25.0,0.0,217.0
2016,90248,48.0,53.0,169.0,15.0,594.0
2016,90250,8.0,6.0,4.0,1.0,153.0
2016,90262,7.0,3.0,4.0,3.0,127.0
2016,90265,10.0,1.0,15.0,13.0,235.0
2016,90272,7.0,2.0,4.0,16.0,198.0
2016,90275,1.0,4.0,3.0,1.0,25.0
2016,90280,22.0,18.0,9.0,5.0,214.0
2016,90290,1.0,0.0,2.0,4.0,23.0
2016,90291,51.0,79.0,77.0,32.0,855.0
2016,90292,15.0,43.0,33.0,8.0,344.0
2016,90293,2.0,2.0,7.0,2.0,50.0
2016,90301,84.0,15.0,71.0,40.0,733.0
2016,90302,3.0,7.0,2.0,0.0,90.0
2016,90304,18.0,8.0,16.0,8.0,194.0
2016,90305,2.0,0.0,2.0,1.0,21.0
2016,90402,2.0,5.0,8.0,11.0,122.0
2016,90403,7.0,7.0,5.0,0.0,177.0
2016,90404,19.0,9.0,5.0,7.0,446.0
2016,90405,42.0,46.0,34.0,24.0,796.0
2016,90501,13.0,26.0,35.0,0.0,156.0
2016,90502,12.0,17.0,50.0,3.0,177.0
2016,90504,9.0,11.0,15.0,0.0,113.0
2016,90710,14.0,20.0,53.0,19.0,278.0
2016,90717,8.0,15.0,21.0,4.0,134.0
2016,90731,22.0,31.0,56.0,17.0,513.0
2016,90732,16.0,8.0,24.0,5.0,125.0
2016,90744,34.0,34.0,126.0,23.0,653.0
2016,90745,11.0,14.0,46.0,4.0,196.0
2016,90802,,,,,
2016,90810,8.0,11.0,51.0,13.0,231.0
2016,90813,,,,,
2016,91011,1.0,1.0,0.0,0.0,5.0
2016,91030,0.0,4.0,9.0,4.0,39.0
2016,91040,12.0,4.0,38.0,12.0,354.0
2016,91042,10.0,5.0,30.0,13.0,316.0
2016,91105,2.0,5.0,12.0,1.0,46.0
2016,91201,5.0,5.0,0.0,4.0,55.0
2016,91204,,,,,
2016,91205,0.0,0.0,1.0,0.0,5.0
2016,91206,0.0,0.0,0.0,0.0,0.0
2016,91214,2.0,0.0,9.0,1.0,33.0
2016,91302,1.0,0.0,3.0,1.0,46.0
2016,91303,1.0,8.0,48.0,0.0,128.0
2016,91304,9.0,7.0,68.0,3.0,232.0
2016,91306,1.0,2.0,44.0,3.0,128.0
2016,91307,1.0,2.0,9.0,0.0,43.0
2016,91311,22.0,5.0,58.0,9.0,222.0
2016,91316,1.0,2.0,2.0,12.0,101.0
2016,91321,10.0,5.0,7.0,2.0,245.0
2016,91324,11.0,11.0,32.0,0.0,260.0
2016,91325,12.0,7.0,22.0,0.0,271.0
2016,91326,13.0,3.0,19.0,0.0,73.0
2016,91330,0.0,0.0,0.0,0.0,0.0
2016,91331,30.0,21.0,84.0,3.0,589.0
2016,91335,2.0,12.0,31.0,3.0,218.0
2016,91340,4.0,7.0,16.0,1.0,106.0
2016,91342,30.0,17.0,75.0,5.0,612.0
2016,91343,7.0,20.0,21.0,5.0,365.0
2016,91344,9.0,16.0,31.0,0.0,172.0
2016,91345,2.0,5.0,7.0,1.0,53.0
2016,91352,22.0,19.0,85.0,10.0,942.0
2016,91356,0.0,5.0,9.0,0.0,67.0
2016,91364,5.0,6.0,11.0,1.0,78.0
2016,91367,14.0,9.0,36.0,2.0,188.0
2016,91371,1.0,3.0,2.0,0.0,11.0
2016,91401,5.0,3.0,22.0,7.0,248.0
2016,91402,10.0,2.0,20.0,2.0,175.0
2016,91403,2.0,4.0,2.0,1.0,79.0
2016,91405,1.0,11.0,23.0,35.0,231.0
2016,91406,2.0,1.0,20.0,19.0,265.0
2016,91411,6.0,2.0,9.0,10.0,146.0
2016,91423,3.0,9.0,14.0,0.0,94.0
2016,91436,0.0,2.0,2.0,12.0,92.0
2016,91501,1.0,3.0,5.0,0.0,46.0
2016,91504,3.0,2.0,6.0,2.0,76.0
2016,91505,11.0,2.0,28.0,6.0,149.0
2016,91506,4.0,1.0,5.0,5.0,39.0
2016,91601,18.0,10.0,52.0,5.0,229.0
2016,91602,5.0,1.0,14.0,1.0,62.0
2016,91604,2.0,13.0,20.0,0.0,136.0
2016,91605,24.0,34.0,87.0,7.0,832.0
2016,91606,29.0,45.0,106.0,12.0,559.0
2016,91607,3.0,2.0,18.0,4.0,123.0
2016,91608,0.0,0.0,6.0,0.0,18.0
2016,91754,0.0,1.0,0.0,0.0,13.0
2016,91801,5.0,4.0,0.0,0.0,56.0
2016,91803,0.0,1.0,1.0,0.0,23.0
2017,90001,39.0,46.0,73.0,5.0,446.0
2017,90002,35.0,12.0,117.0,6.0,570.0
2017,90003,65.0,40.0,151.0,50.0,1452.0
2017,90004,21.0,23.0,13.0,88.0,656.0
2017,90005,18.0,21.0,8.0,40.0,361.0
2017,90006,39.0,42.0,36.0,24.0,518.0
2017,90007,34.0,42.0,58.0,136.0,1253.0
2017,90008,24.0,11.0,26.0,10.0,245.0
2017,90010,14.0,12.0,2.0,35.0,269.0
2017,90011,96.0,100.0,87.0,143.0,1707.0
2017,90012,18.0,16.0,20.0,234.0,2128.0
2017,90013,23.0,4.0,10.0,428.0,4831.0
2017,90014,26.0,9.0,10.0,370.0,4627.0
2017,90015,22.0,29.0,31.0,167.0,1954.0
2017,90016,42.0,28.0,68.0,17.0,484.0
2017,90017,4.0,9.0,6.0,47.0,567.0
2017,90018,85.0,42.0,83.0,14.0,589.0
2017,90019,30.0,27.0,65.0,22.0,424.0
2017,90020,20.0,23.0,3.0,36.0,335.0
2017,90021,31.0,16.0,18.0,402.0,4133.0
2017,90023,17.0,25.0,51.0,23.0,463.0
2017,90024,14.0,18.0,17.0,6.0,534.0
2017,90025,17.0,28.0,40.0,13.0,828.0
2017,90026,19.0,34.0,54.0,63.0,1029.0
2017,90027,2.0,13.0,6.0,41.0,436.0
2017,90028,30.0,19.0,37.0,77.0,908.0
2017,90029,34.0,41.0,24.0,112.0,963.0
2017,90031,23.0,37.0,48.0,18.0,366.0
2017,90032,22.0,8.0,65.0,2.0,263.0
2017,90033,18.0,18.0,32.0,13.0,499.0
2017,90034,30.0,27.0,38.0,39.0,408.0
2017,90035,12.0,10.0,8.0,18.0,142.0
2017,90036,2.0,5.0,17.0,13.0,246.0
2017,90037,48.0,36.0,68.0,166.0,1706.0
2017,90038,24.0,23.0,41.0,64.0,648.0
2017,90039,10.0,14.0,25.0,9.0,248.0
2017,90041,11.0,12.0,32.0,16.0,170.0
2017,90042,15.0,27.0,57.0,17.0,281.0
2017,90043,25.0,25.0,44.0,5.0,278.0
2017,90044,73.0,33.0,63.0,53.0,1091.0
2017,90045,72.0,47.0,122.0,52.0,879.0
2017,90046,10.0,10.0,9.0,19.0,262.0
2017,90047,22.0,19.0,45.0,13.0,594.0
2017,90048,2.0,0.0,3.0,6.0,149.0
2017,90049,8.0,23.0,17.0,1.0,445.0
2017,90056,22.0,17.0,15.0,1.0,138.0
2017,90057,19.0,23.0,20.0,86.0,896.0
2017,90058,34.0,19.0,28.0,44.0,858.0
2017,90059,38.0,33.0,122.0,1.0,654.0
2017,90061,54.0,34.0,162.0,43.0,667.0
2017,90062,27.0,23.0,44.0,5.0,451.0
2017,90063,10.0,31.0,33.0,3.0,193.0
2017,90064,10.0,13.0,32.0,25.0,263.0
2017,90065,22.0,34.0,83.0,20.0,424.0
2017,90066,17.0,66.0,83.0,10.0,518.0
2017,90067,0.0,0.0,0.0,0.0,16.0
2017,90068,6.0,7.0,4.0,31.0,176.0
2017,90069,0.0,1.0,0.0,1.0,71.0
2017,90071,0.0,0.0,0.0,13.0,208.0
2017,90073,6.0,15.0,13.0,0.0,379.0
2017,90077,1.0,1.0,1.0,1.0,19.0
2017,90079,1.0,3.0,6.0,6.0,103.0
2017,90089,16.0,10.0,22.0,105.0,785.0
2017,90090,0.0,0.0,0.0,0.0,1.0
2017,90094,1.0,3.0,5.0,0.0,26.0
2017,90095,3.0,1.0,2.0,1.0,64.0
2017,90210,1.0,3.0,2.0,2.0,59.0
2017,90211,0.0,0.0,0.0,1.0,31.0
2017,90212,1.0,0.0,3.0,1.0,30.0
2017,90230,23.0,19.0,53.0,2.0,243.0
2017,90232,20.0,8.0,18.0,4.0,182.0
2017,90245,2.0,9.0,12.0,3.0,64.0
2017,90247,16.0,9.0,13.0,0.0,276.0
2017,90248,43.0,22.0,239.0,11.0,721.0
2017,90250,14.0,13.0,27.0,3.0,165.0
2017,90262,3.0,13.0,11.0,7.0,134.0
2017,90265,32.0,14.0,15.0,20.0,341.0
2017,90272,13.0,2.0,3.0,5.0,101.0
2017,90275,4.0,9.0,8.0,0.0,47.0
2017,90280,15.0,21.0,20.0,4.0,240.0
2017,90290,16.0,5.0,13.0,7.0,173.0
2017,90291,53.0,119.0,73.0,90.0,1161.0
2017,90292,10.0,31.0,37.0,5.0,360.0
2017,90293,3.0,9.0,25.0,4.0,114.0
2017,90301,56.0,32.0,76.0,37.0,695.0
2017,90302,12.0,11.0,1.0,3.0,90.0
2017,90304,30.0,16.0,14.0,2.0,210.0
2017,90305,0.0,4.0,5.0,0.0,28.0
2017,90402,1.0,6.0,4.0,3.0,91.0
2017,90403,5.0,8.0,3.0,1.0,233.0
2017,90404,12.0,7.0,4.0,3.0,530.0
2017,90405,53.0,70.0,35.0,73.0,1028.0
2017,90501,3.0,7.0,20.0,3.0,110.0
2017,90502,2.0,11.0,52.0,0.0,150.0
2017,90504,8.0,9.0,10.0,6.0,92.0
2017,90710,6.0,12.0,44.0,8.0,230.0
2017,90717,6.0,5.0,21.0,3.0,119.0
2017,90731,56.0,36.0,59.0,10.0,688.0
2017,90732,13.0,13.0,22.0,1.0,141.0
2017,90744,47.0,34.0,123.0,5.0,679.0
2017,90745,6.0,11.0,38.0,26.0,265.0
2017,90802,,,,,
2017,90810,21.0,10.0,39.0,0.0,192.0
2017,90813,,,,,
2017,91011,0.0,0.0,0.0,0.0,0.0
2017,91030,2.0,0.0,1.0,0.0,14.0
2017,91040,14.0,11.0,31.0,3.0,414.0
2017,91042,8.0,4.0,16.0,15.0,380.0
2017,91105,2.0,2.0,7.0,7.0,49.0
2017,91201,0.0,0.0,2.0,18.0,74.0
2017,91204,,,,,
2017,91205,1.0,0.0,12.0,1.0,29.0
2017,91206,0.0,0.0,0.0,0.0,0.0
2017,91214,0.0,0.0,1.0,3.0,22.0
2017,91302,19.0,5.0,8.0,5.0,150.0
2017,91303,4.0,7.0,43.0,3.0,167.0
2017,91304,7.0,9.0,59.0,0.0,189.0
2017,91306,1.0,8.0,38.0,0.0,111.0
2017,91307,6.0,11.0,21.0,1.0,100.0
2017,91311,11.0,9.0,82.0,5.0,233.0
2017,91316,7.0,3.0,18.0,39.0,304.0
2017,91321,20.0,10.0,11.0,2.0,352.0
2017,91324,8.0,8.0,50.0,5.0,266.0
2017,91325,7.0,2.0,14.0,6.0,219.0
2017,91326,2.0,1.0,9.0,1.0,34.0
2017,91330,0.0,0.0,1.0,0.0,3.0
2017,91331,29.0,23.0,86.0,11.0,488.0
2017,91335,11.0,7.0,42.0,9.0,230.0
2017,91340,13.0,3.0,42.0,11.0,198.0
2017,91342,40.0,13.0,91.0,9.0,856.0
2017,91343,12.0,5.0,16.0,38.0,329.0
2017,91344,12.0,4.0,13.0,4.0,101.0
2017,91345,19.0,11.0,12.0,9.0,182.0
2017,91352,27.0,30.0,136.0,8.0,907.0
2017,91356,2.0,0.0,7.0,0.0,64.0
2017,91364,15.0,4.0,10.0,9.0,174.0
2017,91367,3.0,5.0,29.0,5.0,111.0
2017,91371,0.0,2.0,4.0,0.0,12.0
2017,91401,16.0,11.0,33.0,17.0,355.0
2017,91402,19.0,9.0,15.0,33.0,312.0
2017,91403,4.0,5.0,8.0,1.0,59.0
2017,91405,9.0,1.0,15.0,28.0,242.0
2017,91406,18.0,7.0,43.0,58.0,483.0
2017,91411,7.0,4.0,23.0,8.0,149.0
2017,91423,5.0,2.0,1.0,3.0,57.0
2017,91436,2.0,2.0,11.0,40.0,275.0
2017,91501,3.0,4.0,6.0,6.0,62.0
2017,91504,2.0,5.0,8.0,0.0,83.0
2017,91505,14.0,15.0,32.0,3.0,200.0
2017,91506,2.0,2.0,3.0,0.0,64.0
2017,91601,29.0,29.0,38.0,6.0,281.0
2017,91602,7.0,8.0,17.0,10.0,150.0
2017,91604,7.0,7.0,2.0,14.0,128.0
2017,91605,31.0,36.0,94.0,4.0,751.0
2017,91606,41.0,42.0,76.0,4.0,458.0
2017,91607,18.0,6.0,14.0,5.0,168.0
2017,91608,0.0,0.0,0.0,7.0,33.0
2017,91754,2.0,3.0,2.0,3.0,37.0
2017,91801,6.0,2.0,8.0,0.0,70.0
2017,91803,7.0,2.0,4.0,1.0,58.0
2018,90001,60.0,51.0,139.0,29.0,830.0
2018,90002,77.0,24.0,91.0,9.0,529.0
2018,90003,50.0,47.0,129.0,22.0,1347.0
2018,90004,11.0,26.0,14.0,55.0,615.0
2018,90005,28.0,28.0,6.0,28.0,367.0
2018,90006,57.0,51.0,39.0,34.0,552.0
2018,90007,23.0,28.0,67.0,84.0,948.0
2018,90008,26.0,14.0,27.0,2.0,235.0
2018,90010,5.0,6.0,0.0,25.0,239.0
2018,90011,59.0,67.0,143.0,149.0,1600.0
2018,90012,28.0,44.0,45.0,264.0,2301.0
2018,90013,27.0,27.0,18.0,549.0,4653.0
2018,90014,22.0,3.0,7.0,508.0,3919.0
2018,90015,28.0,18.0,39.0,249.0,1523.0
2018,90016,44.0,42.0,65.0,23.0,551.0
2018,90017,16.0,33.0,11.0,41.0,705.0
2018,90018,43.0,34.0,38.0,2.0,369.0
2018,90019,31.0,42.0,60.0,22.0,412.0
2018,90020,8.0,12.0,4.0,35.0,251.0
2018,90021,32.0,31.0,35.0,565.0,3973.0
2018,90023,26.0,48.0,97.0,37.0,650.0
2018,90024,23.0,17.0,10.0,14.0,640.0
2018,90025,19.0,30.0,36.0,31.0,795.0
2018,90026,32.0,55.0,61.0,91.0,1246.0
2018,90027,23.0,8.0,16.0,24.0,429.0
2018,90028,33.0,27.0,38.0,85.0,861.0
2018,90029,27.0,27.0,21.0,59.0,675.0
2018,90031,41.0,49.0,70.0,21.0,481.0
2018,90032,18.0,16.0,37.0,6.0,199.0
2018,90033,25.0,36.0,35.0,19.0,451.0
2018,90034,12.0,15.0,32.0,20.0,224.0
2018,90035,1.0,5.0,10.0,10.0,99.0
2018,90036,5.0,2.0,24.0,12.0,254.0
2018,90037,44.0,34.0,92.0,142.0,1190.0
2018,90038,43.0,26.0,36.0,67.0,588.0
2018,90039,12.0,15.0,33.0,22.0,309.0
2018,90041,7.0,16.0,38.0,29.0,218.0
2018,90042,39.0,80.0,77.0,14.0,576.0
2018,90043,5.0,18.0,38.0,5.0,184.0
2018,90044,30.0,43.0,86.0,14.0,591.0
2018,90045,18.0,12.0,47.0,27.0,577.0
2018,90046,5.0,6.0,12.0,13.0,243.0
2018,90047,42.0,23.0,66.0,9.0,665.0
2018,90048,4.0,2.0,3.0,5.0,169.0
2018,90049,18.0,14.0,10.0,1.0,463.0
2018,90056,1.0,6.0,12.0,0.0,84.0
2018,90057,28.0,37.0,11.0,54.0,678.0
2018,90058,34.0,56.0,90.0,82.0,1216.0
2018,90059,29.0,26.0,95.0,2.0,429.0
2018,90061,73.0,47.0,124.0,8.0,519.0
2018,90062,56.0,25.0,63.0,14.0,649.0
2018,90063,15.0,22.0,48.0,0.0,191.0
2018,90064,9.0,13.0,30.0,8.0,176.0
2018,90065,31.0,36.0,82.0,21.0,462.0
2018,90066,55.0,88.0,85.0,2.0,569.0
2018,90067,0.0,0.0,1.0,0.0,23.0
2018,90068,6.0,5.0,4.0,29.0,173.0
2018,90069,0.0,2.0,1.0,1.0,75.0
2018,90071,0.0,0.0,0.0,3.0,176.0
2018,90073,12.0,12.0,6.0,0.0,391.0
2018,90077,5.0,0.0,2.0,0.0,15.0
2018,90079,0.0,0.0,0.0,18.0,101.0
2018,90089,6.0,1.0,16.0,59.0,504.0
2018,90090,1.0,0.0,7.0,3.0,21.0
2018,90094,9.0,3.0,2.0,0.0,25.0
2018,90095,3.0,1.0,0.0,0.0,34.0
2018,90210,0.0,1.0,0.0,0.0,25.0
2018,90211,0.0,1.0,0.0,0.0,32.0
2018,90212,0.0,0.0,0.0,0.0,10.0
2018,90230,49.0,22.0,34.0,1.0,281.0
2018,90232,4.0,11.0,15.0,9.0,128.0
2018,90245,0.0,1.0,3.0,0.0,57.0
2018,90247,13.0,10.0,11.0,3.0,92.0
2018,90248,109.0,60.0,320.0,20.0,990.0
2018,90250,36.0,15.0,13.0,1.0,259.0
2018,90262,13.0,7.0,21.0,14.0,237.0
2018,90265,36.0,12.0,10.0,42.0,283.0
2018,90272,18.0,7.0,7.0,2.0,107.0
2018,90275,3.0,7.0,4.0,0.0,33.0
2018,90280,17.0,18.0,15.0,27.0,360.0
2018,90290,22.0,7.0,1.0,38.0,200.0
2018,90291,32.0,75.0,52.0,81.0,840.0
2018,90292,5.0,23.0,14.0,2.0,130.0
2018,90293,9.0,9.0,20.0,7.0,126.0
2018,90301,17.0,7.0,22.0,27.0,505.0
2018,90302,2.0,5.0,4.0,1.0,103.0
2018,90304,23.0,21.0,22.0,28.0,258.0
2018,90305,0.0,6.0,12.0,0.0,55.0
2018,90402,5.0,5.0,4.0,1.0,76.0
2018,90403,16.0,18.0,3.0,0.0,244.0
2018,90404,17.0,11.0,7.0,3.0,566.0
2018,90405,39.0,64.0,31.0,64.0,1138.0
2018,90501,23.0,12.0,52.0,0.0,186.0
2018,90502,10.0,11.0,68.0,0.0,171.0
2018,90504,17.0,9.0,10.0,0.0,86.0
2018,90710,8.0,25.0,38.0,17.0,284.0
2018,90717,6.0,13.0,14.0,5.0,99.0
2018,90731,23.0,49.0,46.0,11.0,594.0
2018,90732,5.0,14.0,12.0,4.0,113.0
2018,90744,23.0,22.0,130.0,7.0,604.0
2018,90745,20.0,22.0,54.0,7.0,238.0
2018,90802,,,,,
2018,90810,19.0,14.0,45.0,2.0,193.0
2018,90813,,,,,
2018,91011,0.0,0.0,0.0,0.0,0.0
2018,91030,1.0,3.0,2.0,3.0,72.0
2018,91040,10.0,2.0,27.0,2.0,204.0
2018,91042,10.0,10.0,22.0,2.0,116.0
2018,91105,2.0,7.0,15.0,18.0,95.0
2018,91201,6.0,3.0,2.0,10.0,86.0
2018,91204,,,,,
2018,91205,9.0,5.0,9.0,0.0,42.0
2018,91206,0.0,0.0,0.0,0.0,0.0
2018,91214,0.0,0.0,5.0,0.0,9.0
2018,91302,15.0,10.0,1.0,21.0,150.0
2018,91303,17.0,6.0,44.0,2.0,156.0
2018,91304,16.0,7.0,38.0,5.0,166.0
2018,91306,17.0,5.0,47.0,3.0,162.0
2018,91307,6.0,3.0,37.0,2.0,123.0
2018,91311,16.0,4.0,84.0,5.0,245.0
2018,91316,9.0,3.0,7.0,3.0,90.0
2018,91321,8.0,1.0,10.0,2.0,113.0
2018,91324,8.0,3.0,67.0,2.0,217.0
2018,91325,10.0,6.0,48.0,0.0,214.0
2018,91326,5.0,0.0,10.0,0.0,47.0
2018,91330,0.0,0.0,1.0,0.0,4.0
2018,91331,37.0,54.0,156.0,14.0,811.0
2018,91335,9.0,8.0,31.0,1.0,150.0
2018,91340,5.0,15.0,31.0,13.0,158.0
2018,91342,54.0,40.0,142.0,5.0,630.0
2018,91343,25.0,13.0,54.0,5.0,316.0
2018,91344,6.0,3.0,12.0,1.0,60.0
2018,91345,9.0,21.0,37.0,0.0,139.0
2018,91352,42.0,78.0,177.0,14.0,2065.0
2018,91356,6.0,2.0,4.0,0.0,54.0
2018,91364,20.0,8.0,4.0,17.0,144.0
2018,91367,18.0,8.0,41.0,2.0,177.0
2018,91371,1.0,3.0,0.0,0.0,13.0
2018,91401,8.0,12.0,32.0,9.0,309.0
2018,91402,10.0,12.0,18.0,5.0,221.0
2018,91403,5.0,1.0,11.0,2.0,49.0
2018,91405,3.0,5.0,18.0,10.0,167.0
2018,91406,10.0,10.0,52.0,7.0,241.0
2018,91411,4.0,6.0,28.0,6.0,136.0
2018,91423,3.0,2.0,15.0,2.0,63.0
2018,91436,4.0,1.0,1.0,3.0,36.0
2018,91501,2.0,6.0,7.0,0.0,45.0
2018,91504,5.0,6.0,9.0,0.0,62.0
2018,91505,23.0,42.0,21.0,2.0,207.0
2018,91506,12.0,19.0,1.0,2.0,76.0
2018,91601,9.0,15.0,33.0,0.0,150.0
2018,91602,2.0,4.0,5.0,1.0,56.0
2018,91604,3.0,1.0,3.0,5.0,55.0
2018,91605,52.0,96.0,139.0,5.0,1990.0
2018,91606,78.0,110.0,102.0,22.0,749.0
2018,91607,6.0,5.0,12.0,10.0,95.0
2018,91608,0.0,0.0,0.0,0.0,12.0
2018,91754,3.0,2.0,2.0,0.0,64.0
2018,91801,1.0,2.0,6.0,0.0,57.0
2018,91803,1.0,1.0,1.0,0.0,20.0
2019,90001,38.0,49.0,131.0,36.0,947.3720000000001
2019,90002,56.0,70.0,138.0,54.0,798.735
2019,90003,42.0,50.0,213.0,95.0,1566.5470000000003
2019,90004,24.0,36.0,31.0,75.0,840.9449999999999
2019,90005,34.0,31.0,8.0,86.0,602.8969999999999
2019,90006,43.0,74.0,44.0,90.0,837.605
2019,90007,71.0,79.0,93.0,200.0,1704.3729999999998
2019,90008,19.0,16.0,24.0,3.0,251.22299999999998
2019,90010,19.0,10.0,4.0,73.0,453.1520000000001
2019,90011,105.0,78.0,193.0,176.0,2490.6059999999998
2019,90012,24.0,19.0,35.0,245.0,2568.524
2019,90013,28.0,12.0,6.0,637.0,5032.558
2019,90014,28.0,8.0,4.0,639.0,4559.483
2019,90015,102.0,56.0,73.0,377.0,2900.628
2019,90016,26.0,17.0,66.0,17.0,520.206
2019,90017,27.0,18.0,2.0,76.0,898.1
2019,90018,27.0,39.0,35.0,10.0,321.78499999999997
2019,90019,11.0,16.0,40.0,22.0,319.016
2019,90020,15.0,31.0,10.0,90.0,612.005
2019,90021,43.0,13.0,25.0,617.0,4193.91
2019,90023,29.0,67.0,110.0,46.0,913.9870000000001
2019,90024,20.0,7.0,19.0,11.0,647.133
2019,90025,32.0,34.0,47.0,44.0,803.564
2019,90026,24.0,54.0,51.0,139.0,1077.7930000000001
2019,90027,13.0,32.0,17.0,50.0,530.374
2019,90028,35.0,47.0,42.0,129.0,1323.758
2019,90029,30.0,38.0,25.0,59.0,780.0540000000001
2019,90031,28.0,51.0,104.0,24.0,516.667
2019,90032,14.0,18.0,49.0,5.0,241.24799999999996
2019,90033,28.0,33.0,53.0,45.0,839.817
2019,90034,37.0,24.0,65.0,29.0,414.93800000000005
2019,90035,7.0,11.0,18.0,6.0,114.899
2019,90036,12.0,7.0,4.0,18.0,274.34599999999995
2019,90037,30.0,41.0,75.0,190.0,1405.8229999999996
2019,90038,32.0,36.0,25.0,50.0,676.7950000000001
2019,90039,9.0,14.0,38.0,15.0,201.219
2019,90041,10.0,16.0,22.0,16.0,144.967
2019,90042,32.0,25.0,34.0,25.0,254.387
2019,90043,23.0,25.0,52.0,11.0,340.041
2019,90044,50.0,53.0,134.0,85.0,948.691
2019,90045,35.0,14.0,24.0,2.0,639.5909999999999
2019,90046,17.0,19.0,7.0,14.0,357.87399999999997
2019,90047,30.0,34.0,101.0,10.0,765.148
2019,90048,14.0,2.0,1.0,17.0,227.411
2019,90049,19.0,2.0,15.0,0.0,482.89000000000004
2019,90056,21.0,6.0,12.0,0.0,126.46600000000001
2019,90057,51.0,60.0,29.0,118.0,1147.096
2019,90058,46.0,15.0,70.0,32.0,1394.3780000000002
2019,90059,53.0,43.0,118.0,38.0,710.5840000000001
2019,90061,121.0,32.0,173.0,53.0,827.364
2019,90062,11.0,14.0,27.0,10.0,780.695
2019,90063,16.0,29.0,85.0,0.0,315.42499999999995
2019,90064,22.0,30.0,42.0,46.0,368.542
2019,90065,26.0,49.0,75.0,19.0,430.747
2019,90066,38.0,60.0,85.0,45.0,650.1679999999999
2019,90067,0.0,0.0,1.0,0.0,10.789
2019,90068,2.0,4.0,3.0,16.0,118.826
2019,90069,0.0,0.0,0.0,2.0,82.40800000000002
2019,90071,11.0,0.0,0.0,36.0,343.21500000000003
2019,90073,14.0,1.0,15.0,0.0,429.04
2019,90077,2.0,0.0,0.0,0.0,11.822
2019,90079,1.0,6.0,1.0,1.0,125.38300000000001
2019,90089,18.0,19.0,19.0,127.0,697.804
2019,90090,0.0,0.0,7.0,0.0,40.812
2019,90094,3.0,6.0,6.0,0.0,28.31
2019,90095,1.0,1.0,1.0,0.0,99.369
2019,90210,1.0,0.0,0.0,0.0,44.985
2019,90211,0.0,0.0,1.0,0.0,42.789
2019,90212,2.0,1.0,1.0,0.0,19.168
2019,90230,44.0,11.0,27.0,2.0,217.405
2019,90232,25.0,12.0,27.0,12.0,221.00300000000001
2019,90245,3.0,0.0,0.0,0.0,150.044
2019,90247,9.0,20.0,29.0,9.0,217.26399999999998
2019,90248,166.0,59.0,244.0,27.0,998.507
2019,90250,31.0,11.0,7.0,12.0,387.26599999999996
2019,90262,23.0,15.0,8.0,18.0,193.517
2019,90265,45.0,14.0,27.0,13.0,224.949
2019,90272,36.0,2.0,1.0,1.0,81.201
2019,90275,3.0,1.0,0.0,0.0,19.63
2019,90280,47.0,48.0,18.0,41.0,458.334
2019,90290,4.0,0.0,14.0,8.0,53.388000000000005
2019,90291,83.0,108.0,96.0,120.0,1296.611
2019,90292,24.0,23.0,16.0,17.0,277.002
2019,90293,16.0,11.0,16.0,1.0,281.117
2019,90301,14.0,10.0,3.0,1.0,339.09000000000003
2019,90302,4.0,13.0,3.0,3.0,98.115
2019,90304,24.0,19.0,24.0,33.0,280.084
2019,90305,11.0,5.0,14.0,0.0,107.205
2019,90402,3.0,6.0,0.0,1.0,57.685
2019,90403,30.0,12.0,1.0,0.0,326.57800000000003
2019,90404,11.0,7.0,1.0,2.0,759.652
2019,90405,53.0,61.0,44.0,75.0,1266.1409999999998
2019,90501,38.0,30.0,40.0,6.0,283.318
2019,90502,29.0,21.0,28.0,3.0,194.547
2019,90504,19.0,11.0,9.0,12.0,159.985
2019,90710,8.0,16.0,37.0,21.0,290.236
2019,90717,6.0,7.0,11.0,8.0,125.59699999999998
2019,90731,65.0,60.0,60.0,20.0,868.259
2019,90732,10.0,5.0,11.0,7.0,99.884
2019,90744,19.0,31.0,149.0,41.0,799.2710000000001
2019,90745,21.0,19.0,36.0,0.0,196.573
2019,90802,,,,,
2019,90810,18.0,19.0,65.0,5.0,264.85
2019,90813,,,,,
2019,91011,0.0,1.0,0.0,0.0,1.576
2019,91030,6.0,0.0,2.0,1.0,47.658
2019,91040,16.0,7.0,50.0,27.0,242.101
2019,91042,15.0,6.0,36.0,10.0,185.78900000000002
2019,91105,5.0,2.0,2.0,9.0,47.18
2019,91201,4.0,0.0,2.0,14.0,63.358000000000004
2019,91204,,,,,
2019,91205,6.0,8.0,9.0,0.0,55.665000000000006
2019,91206,0.0,0.0,0.0,0.0,0.0
2019,91214,0.0,0.0,3.0,1.0,10.278
2019,91302,18.0,2.0,9.0,0.0,85.424
2019,91303,10.0,10.0,19.0,2.0,115.899
2019,91304,13.0,11.0,69.0,9.0,220.774
2019,91306,14.0,8.0,47.0,14.0,168.03400000000002
2019,91307,8.0,4.0,17.0,0.0,66.076
2019,91311,10.0,8.0,83.0,7.0,223.934
2019,91316,28.0,4.0,31.0,15.0,223.08299999999997
2019,91321,17.0,6.0,15.0,5.0,197.50000000000003
2019,91324,13.0,7.0,38.0,7.0,120.88000000000001
2019,91325,5.0,9.0,16.0,1.0,76.708
2019,91326,1.0,1.0,5.0,0.0,154.192
2019,91330,0.0,3.0,2.0,0.0,8.117
2019,91331,37.0,55.0,182.0,53.0,956.277
2019,91335,21.0,16.0,38.0,5.0,192.264
2019,91340,7.0,13.0,22.0,25.0,175.529
2019,91342,38.0,39.0,120.0,30.0,501.16499999999996
2019,91343,11.0,8.0,15.0,14.0,222.861
2019,91344,7.0,7.0,20.0,2.0,73.854
2019,91345,2.0,0.0,48.0,1.0,143.072
2019,91352,56.0,43.0,276.0,30.0,1281.1460000000002
2019,91356,3.0,4.0,5.0,3.0,42.732
2019,91364,4.0,1.0,23.0,4.0,79.21000000000001
2019,91367,16.0,11.0,50.0,6.0,171.16099999999997
2019,91371,1.0,2.0,10.0,0.0,22.519
2019,91401,26.0,23.0,61.0,28.0,444.128
2019,91402,15.0,19.0,47.0,15.0,299.442
2019,91403,4.0,4.0,14.0,5.0,82.84299999999999
2019,91405,18.0,16.0,38.0,34.0,306.51300000000003
2019,91406,27.0,11.0,55.0,17.0,371.02199999999993
2019,91411,20.0,11.0,48.0,20.0,265.024
2019,91423,7.0,5.0,17.0,3.0,104.00299999999999
2019,91436,20.0,3.0,16.0,12.0,142.872
2019,91501,8.0,3.0,5.0,2.0,46.565
2019,91504,6.0,9.0,19.0,7.0,123.29599999999999
2019,91505,22.0,27.0,79.0,9.0,339.7469999999999
2019,91506,5.0,12.0,4.0,0.0,91.342
2019,91601,22.0,18.0,45.0,12.0,343.772
2019,91602,8.0,8.0,8.0,12.0,212.114
2019,91604,5.0,3.0,6.0,8.0,154.335
2019,91605,44.0,57.0,122.0,19.0,1105.357
2019,91606,54.0,51.0,94.0,20.0,750.2499999999999
2019,91607,5.0,10.0,17.0,6.0,235.649
2019,91608,0.0,0.0,0.0,0.0,9.0
2019,91754,14.0,19.0,12.0,3.0,142.058
2019,91801,3.0,2.0,4.0,0.0,60.44499999999999
2019,91803,6.0,1.0,1.0,0.0,38.19200000000001
2020,90001,68.0,92.0,241.0,9.0,1029.143
2020,90002,29.0,58.0,222.0,7.0,723.588
2020,90003,101.0,141.0,230.0,92.0,1949.9830000000002
2020,90004,22.0,39.0,32.0,135.0,865.0639999999999
2020,90005,14.0,26.0,10.0,108.0,529.0060000000001
2020,90006,27.0,58.0,37.0,68.0,606.056
2020,90007,23.0,37.0,64.0,99.0,1033.805
2020,90008,11.0,19.0,27.0,7.0,186.606
2020,90010,11.0,14.0,3.0,89.0,410.34200000000004
2020,90011,85.0,81.0,241.0,207.0,2178.7310000000007
2020,90012,37.0,23.0,50.0,406.0,2348.055
2020,90013,51.0,25.0,10.0,645.0,4959.971
2020,90014,48.0,28.0,34.0,539.0,4575.1720000000005
2020,90015,23.0,40.0,89.0,381.0,2197.6400000000003
2020,90016,31.0,29.0,63.0,42.0,539.535
2020,90017,12.0,39.0,9.0,55.0,613.621
2020,90018,16.0,51.0,54.0,11.0,439.989
2020,90019,34.0,40.0,39.0,58.0,499.336
2020,90020,15.0,19.0,9.0,94.0,424.023
2020,90021,47.0,37.0,80.0,581.0,4378.379
2020,90023,29.0,58.0,146.0,37.0,740.0609999999998
2020,90024,31.0,7.0,11.0,25.0,709.728
2020,90025,54.0,32.0,35.0,73.0,1004.5379999999999
2020,90026,93.0,106.0,123.0,218.0,1627.328
2020,90027,25.0,34.0,19.0,68.0,496.335
2020,90028,44.0,39.0,26.0,225.0,1387.4589999999998
2020,90029,39.0,69.0,22.0,100.0,921.162
2020,90031,33.0,81.0,105.0,23.0,551.144
2020,90032,40.0,46.0,56.0,29.0,378.81499999999994
2020,90033,44.0,43.0,49.0,43.0,679.339
2020,90034,21.0,17.0,42.0,65.0,363.773
2020,90035,7.0,6.0,13.0,38.0,178.18300000000002
2020,90036,7.0,13.0,19.0,21.0,248.88100000000003
2020,90037,37.0,14.0,71.0,111.0,1185.406
2020,90038,40.0,31.0,24.0,83.0,725.642
2020,90039,11.0,22.0,45.0,16.0,374.94
2020,90041,4.0,17.0,27.0,7.0,126.01599999999999
2020,90042,29.0,62.0,37.0,14.0,318.951
2020,90043,38.0,45.0,26.0,0.0,292.177
2020,90044,97.0,129.0,215.0,98.0,2312.607
2020,90045,32.0,16.0,55.0,3.0,640.818
2020,90046,23.0,18.0,13.0,22.0,383.39300000000003
2020,90047,69.0,67.0,175.0,22.0,1942.0600000000002
2020,90048,7.0,6.0,4.0,16.0,200.11599999999999
2020,90049,33.0,2.0,6.0,11.0,577.494
2020,90056,24.0,25.0,29.0,3.0,179.77800000000002
2020,90057,67.0,92.0,48.0,182.0,1423.969
2020,90058,26.0,27.0,115.0,90.0,1348.797
2020,90059,36.0,34.0,133.0,30.0,750.141
2020,90061,78.0,87.0,336.0,56.0,1299.326
2020,90062,16.0,29.0,40.0,11.0,735.798
2020,90063,19.0,42.0,75.0,14.0,329.48300000000006
2020,90064,25.0,32.0,34.0,60.0,458.87600000000003
2020,90065,23.0,60.0,79.0,25.0,456.3910000000001
2020,90066,32.0,70.0,77.0,72.0,669.759
2020,90067,0.0,1.0,1.0,2.0,18.336000000000002
2020,90068,10.0,4.0,3.0,45.0,180.41899999999998
2020,90069,0.0,2.0,1.0,1.0,80.159
2020,90071,0.0,0.0,0.0,14.0,162.757
2020,90073,26.0,0.0,5.0,3.0,499.45
2020,90077,0.0,2.0,0.0,1.0,14.673
2020,90079,3.0,0.0,0.0,4.0,87.81800000000001
2020,90089,17.0,17.0,25.0,46.0,552.51
2020,90090,3.0,6.0,9.0,15.0,52.136
2020,90094,0.0,9.0,6.0,10.0,46.328
2020,90095,3.0,0.0,2.0,0.0,82.7
2020,90210,8.0,3.0,0.0,2.0,73.989
2020,90211,0.0,1.0,2.0,1.0,39.952999999999996
2020,90212,2.0,4.0,4.0,4.0,43.422
2020,90230,31.0,26.0,29.0,20.0,230.07799999999997
2020,90232,9.0,6.0,30.0,19.0,176.179
2020,90245,6.0,9.0,3.0,1.0,207.60600000000002
2020,90247,44.0,14.0,77.0,9.0,336.15700000000004
2020,90248,83.0,62.0,339.0,24.0,939.794
2020,90250,44.0,24.0,5.0,1.0,374.57
2020,90262,25.0,18.0,22.0,0.0,186.313
2020,90265,45.0,21.0,28.0,19.0,263.26599999999996
2020,90272,18.0,0.0,6.0,2.0,59.621
2020,90275,2.0,2.0,1.0,0.0,10.124
2020,90280,56.0,45.0,41.0,10.0,484.342
2020,90290,21.0,4.0,12.0,3.0,71.219
2020,90291,56.0,194.0,124.0,178.0,1745.6629999999998
2020,90292,14.0,41.0,34.0,22.0,380.699
2020,90293,2.0,8.0,17.0,6.0,212.18099999999998
2020,90301,20.0,17.0,4.0,2.0,352.245
2020,90302,13.0,6.0,1.0,3.0,71.37599999999999
2020,90304,22.0,12.0,13.0,6.0,288.08000000000004
2020,90305,10.0,24.0,7.0,0.0,137.294
2020,90402,3.0,9.0,1.0,1.0,54.701
2020,90403,18.0,19.0,3.0,0.0,229.38500000000002
2020,90404,9.0,15.0,1.0,0.0,495.947
2020,90405,40.0,60.0,46.0,116.0,1302.19
2020,90501,48.0,40.0,61.0,22.0,453.7130000000001
2020,90502,20.0,18.0,36.0,4.0,219.611
2020,90504,20.0,26.0,18.0,8.0,164.288
2020,90710,35.0,23.0,52.0,59.0,407.699
2020,90717,29.0,27.0,39.0,27.0,301.072
2020,90731,43.0,57.0,57.0,106.0,757.696
2020,90732,8.0,11.0,12.0,15.0,102.926
2020,90744,29.0,35.0,131.0,84.0,738.6120000000001
2020,90745,12.0,16.0,11.0,0.0,100.451
2020,90802,,,,,
2020,90810,13.0,7.0,50.0,1.0,191.796
2020,90813,,,,,
2020,91011,1.0,0.0,0.0,0.0,1.607
2020,91030,2.0,6.0,8.0,4.0,44.586
2020,91040,9.0,7.0,18.0,3.0,104.04499999999999
2020,91042,7.0,10.0,20.0,0.0,97.91399999999999
2020,91105,0.0,0.0,6.0,3.0,30.381999999999998
2020,91201,3.0,1.0,1.0,0.0,16.151
2020,91204,,,,,
2020,91205,2.0,11.0,9.0,0.0,53.36
2020,91206,0.0,0.0,0.0,0.0,0.0
2020,91214,0.0,0.0,1.0,0.0,3.409
2020,91302,3.0,10.0,2.0,0.0,58.66
2020,91303,5.0,5.0,23.0,2.0,127.74800000000002
2020,91304,8.0,9.0,50.0,4.0,175.025
2020,91306,3.0,5.0,45.0,5.0,138.06400000000002
2020,91307,3.0,10.0,19.0,0.0,76.399
2020,91311,17.0,7.0,55.0,20.0,233.696
2020,91316,4.0,3.0,14.0,31.0,205.213
2020,91321,6.0,5.0,1.0,0.0,104.73400000000001
2020,91324,11.0,10.0,33.0,1.0,169.831
2020,91325,17.0,10.0,20.0,3.0,141.60000000000002
2020,91326,17.0,6.0,10.0,10.0,111.27199999999999
2020,91330,0.0,1.0,2.0,0.0,8.831
2020,91331,25.0,19.0,116.0,18.0,614.5730000000001
2020,91335,16.0,20.0,65.0,6.0,291.313
2020,91340,16.0,25.0,38.0,8.0,248.19000000000003
2020,91342,40.0,32.0,97.0,19.0,454.282
2020,91343,10.0,16.0,10.0,24.0,305.175
2020,91344,17.0,6.0,11.0,3.0,109.868
2020,91345,9.0,5.0,19.0,7.0,117.49199999999999
2020,91352,55.0,36.0,165.0,21.0,1331.8530000000003
2020,91356,4.0,2.0,9.0,8.0,80.217
2020,91364,2.0,2.0,16.0,5.0,69.79599999999999
2020,91367,5.0,11.0,33.0,4.0,135.93200000000002
2020,91371,2.0,0.0,0.0,0.0,8.634
2020,91401,18.0,7.0,21.0,43.0,275.81699999999995
2020,91402,22.0,28.0,39.0,47.0,408.425
2020,91403,2.0,1.0,14.0,4.0,72.956
2020,91405,17.0,5.0,15.0,51.0,301.355
2020,91406,17.0,20.0,25.0,46.0,384.53800000000007
2020,91411,8.0,6.0,16.0,49.0,205.93200000000002
2020,91423,3.0,3.0,17.0,2.0,99.733
2020,91436,0.0,1.0,4.0,29.0,142.909
2020,91501,4.0,7.0,2.0,2.0,38.556
2020,91504,12.0,6.0,10.0,1.0,113.883
2020,91505,15.0,24.0,90.0,21.0,418.887
2020,91506,2.0,10.0,10.0,0.0,91.63000000000001
2020,91601,12.0,13.0,32.0,54.0,290.083
2020,91602,9.0,7.0,14.0,74.0,251.375
2020,91604,17.0,7.0,10.0,45.0,289.252
2020,91605,82.0,60.0,124.0,30.0,1405.1879999999999
2020,91606,60.0,53.0,83.0,53.0,594.06
2020,91607,11.0,7.0,14.0,18.0,166.26100000000002
2020,91608,5.0,1.0,1.0,2.0,36.738
2020,91754,4.0,4.0,4.0,0.0,78.661
2020,91801,2.0,5.0,4.0,7.0,71.802
2020,91803,1.0,1.0,1.0,1.0,19.302
2022,90001,123.0,98.0,317.0,38.0,1775.0
2022,90002,92.0,97.0,246.0,13.0,1267.0
2022,90003,87.0,49.0,223.0,84.0,2112.0
2022,90004,32.0,18.0,27.0,35.0,579.0
2022,90005,10.0,11.0,23.0,77.0,444.0
2022,90006,69.0,35.0,54.0,84.0,795.0
2022,90007,49.0,85.0,128.0,94.0,1145.0
2022,90008,36.0,26.0,47.0,26.0,311.0
2022,90010,3.0,2.0,10.0,56.0,321.0
2022,90011,156.0,184.0,313.0,157.0,2268.0
2022,90012,58.0,24.0,57.0,445.0,2763.0
2022,90013,132.0,31.0,35.0,710.0,2089.0
2022,90014,139.0,34.0,62.0,691.0,1816.0
2022,90015,105.0,38.0,119.0,462.0,2866.0
2022,90016,86.0,84.0,98.0,81.0,863.0
2022,90017,18.0,23.0,13.0,102.0,978.0
2022,90018,44.0,51.0,92.0,20.0,519.0
2022,90019,14.0,20.0,39.0,48.0,395.0
2022,90020,17.0,8.0,12.0,61.0,370.0
2022,90021,142.0,42.0,127.0,588.0,1355.0
2022,90023,59.0,44.0,284.0,47.0,1188.0
2022,90024,16.0,14.0,8.0,10.0,411.0
2022,90025,19.0,18.0,25.0,33.0,517.0
2022,90026,36.0,49.0,81.0,76.0,1050.0
2022,90027,13.0,16.0,32.0,72.0,613.0
2022,90028,19.0,9.0,48.0,218.0,1263.0
2022,90029,18.0,24.0,44.0,54.0,738.0
2022,90031,51.0,51.0,121.0,63.0,778.0
2022,90032,35.0,25.0,78.0,9.0,444.0
2022,90033,40.0,49.0,103.0,67.0,920.0
2022,90034,17.0,17.0,37.0,93.0,413.0
2022,90035,3.0,4.0,7.0,21.0,189.0
2022,90036,4.0,4.0,10.0,27.0,251.0
2022,90037,52.0,45.0,138.0,68.0,1028.0
2022,90038,13.0,11.0,27.0,75.0,519.0
2022,90039,11.0,8.0,27.0,48.0,418.0
2022,90041,3.0,6.0,31.0,26.0,132.0
2022,90042,12.0,16.0,44.0,17.0,336.0
2022,90043,6.0,22.0,35.0,9.0,193.0
2022,90044,60.0,39.0,189.0,44.0,2029.0
2022,90045,38.0,43.0,35.0,25.0,590.0
2022,90046,5.0,5.0,5.0,27.0,272.0
2022,90047,69.0,34.0,187.0,40.0,1931.0
2022,90048,3.0,5.0,3.0,38.0,180.0
2022,90049,18.0,4.0,7.0,4.0,314.0
2022,90056,23.0,19.0,23.0,23.0,177.0
2022,90057,30.0,29.0,28.0,120.0,1165.0
2022,90058,71.0,55.0,130.0,50.0,1036.0
2022,90059,76.0,57.0,293.0,41.0,1429.0
2022,90061,121.0,43.0,305.0,37.0,1265.0
2022,90062,10.0,23.0,51.0,8.0,524.0
2022,90063,27.0,51.0,132.0,15.0,442.0
2022,90064,11.0,10.0,30.0,91.0,349.0
2022,90065,23.0,36.0,106.0,70.0,655.0
2022,90066,51.0,94.0,97.0,62.0,636.0
2022,90067,0.0,1.0,2.0,4.0,28.0
2022,90068,14.0,6.0,23.0,46.0,277.0
2022,90069,0.0,1.0,2.0,0.0,35.0
2022,90071,0.0,0.0,0.0,34.0,252.0
2022,90073,9.0,3.0,3.0,0.0,258.0
2022,90077,1.0,1.0,0.0,0.0,5.0
2022,90079,0.0,6.0,6.0,10.0,118.0
2022,90089,16.0,19.0,37.0,42.0,422.0
2022,90090,5.0,1.0,6.0,1.0,43.0
2022,90094,1.0,8.0,15.0,6.0,67.0
2022,90095,2.0,3.0,1.0,1.0,51.0
2022,90210,0.0,1.0,1.0,3.0,48.0
2022,90211,0.0,0.0,1.0,0.0,20.0
2022,90212,2.0,0.0,0.0,1.0,12.0
2022,90230,42.0,24.0,40.0,64.0,452.0
2022,90232,16.0,13.0,22.0,79.0,380.0
2022,90245,2.0,0.0,3.0,7.0,51.0
2022,90247,24.0,11.0,57.0,21.0,267.0
2022,90248,130.0,78.0,571.0,27.0,1396.0
2022,90250,36.0,13.0,7.0,44.0,298.0
2022,90262,21.0,14.0,8.0,36.0,290.0
2022,90265,18.0,17.0,10.0,3.0,115.0
2022,90272,21.0,11.0,6.0,2.0,83.0
2022,90275,1.0,2.0,3.0,0.0,15.0
2022,90280,29.0,22.0,19.0,48.0,433.0
2022,90290,0.0,0.0,0.0,2.0,12.0
2022,90291,29.0,149.0,78.0,94.0,841.0
2022,90292,16.0,8.0,34.0,56.0,256.0
2022,90293,11.0,32.0,15.0,10.0,126.0
2022,90301,8.0,3.0,5.0,10.0,352.0
2022,90302,6.0,0.0,3.0,0.0,73.0
2022,90304,28.0,9.0,57.0,71.0,434.0
2022,90305,2.0,6.0,4.0,0.0,32.0
2022,90402,0.0,1.0,2.0,2.0,38.0
2022,90403,14.0,6.0,10.0,0.0,210.0
2022,90404,16.0,8.0,10.0,9.0,513.0
2022,90405,26.0,54.0,21.0,41.0,795.0
2022,90501,14.0,14.0,53.0,10.0,254.0
2022,90502,7.0,9.0,47.0,2.0,126.0
2022,90504,27.0,9.0,11.0,25.0,166.0
2022,90710,19.0,10.0,39.0,14.0,328.0
2022,90717,11.0,6.0,13.0,13.0,202.0
2022,90731,59.0,45.0,94.0,42.0,839.0
2022,90732,4.0,9.0,22.0,9.0,146.0
2022,90744,68.0,40.0,226.0,59.0,972.0
2022,90745,4.0,9.0,15.0,3.0,81.0
2022,90802,,,,,
2022,90810,9.0,2.0,89.0,3.0,193.0
2022,90813,,,,,
2022,91011,0.0,0.0,0.0,0.0,
2022,91030,2.0,1.0,2.0,6.0,90.0
2022,91040,15.0,9.0,43.0,50.0,358.0
2022,91042,10.0,7.0,14.0,15.0,148.0
2022,91105,0.0,1.0,6.0,19.0,46.0
2022,91201,1.0,1.0,1.0,9.0,114.0
2022,91204,,,,,
2022,91205,3.0,3.0,30.0,1.0,96.0
2022,91206,0.0,0.0,0.0,0.0,
2022,91214,3.0,2.0,4.0,0.0,19.0
2022,91302,2.0,0.0,4.0,0.0,20.0
2022,91303,22.0,5.0,36.0,56.0,285.0
2022,91304,33.0,14.0,65.0,29.0,332.0
2022,91306,31.0,13.0,58.0,13.0,238.0
2022,91307,2.0,5.0,16.0,4.0,48.0
2022,91311,49.0,27.0,150.0,74.0,742.0
2022,91316,2.0,8.0,24.0,4.0,151.0
2022,91321,10.0,7.0,11.0,10.0,106.0
2022,91324,18.0,9.0,75.0,13.0,243.0
2022,91325,17.0,9.0,40.0,19.0,175.0
2022,91326,2.0,1.0,6.0,1.0,20.0
2022,91330,0.0,0.0,4.0,0.0,6.0
2022,91331,50.0,39.0,253.0,58.0,1074.0
2022,91335,13.0,15.0,86.0,17.0,452.0
2022,91340,7.0,21.0,94.0,9.0,312.0
2022,91342,36.0,33.0,178.0,51.0,828.0
2022,91343,25.0,21.0,23.0,39.0,374.0
2022,91344,16.0,4.0,22.0,16.0,102.0
2022,91345,15.0,20.0,38.0,21.0,198.0
2022,91352,116.0,68.0,321.0,40.0,1523.0
2022,91356,4.0,5.0,9.0,3.0,82.0
2022,91364,6.0,3.0,16.0,6.0,73.0
2022,91367,10.0,11.0,41.0,11.0,159.0
2022,91371,0.0,0.0,1.0,0.0,5.0
2022,91401,4.0,2.0,13.0,34.0,240.0
2022,91402,24.0,16.0,43.0,18.0,265.0
2022,91403,3.0,1.0,42.0,11.0,183.0
2022,91405,2.0,6.0,8.0,13.0,238.0
2022,91406,16.0,16.0,84.0,24.0,473.0
2022,91411,1.0,3.0,8.0,7.0,77.0
2022,91423,2.0,1.0,39.0,17.0,178.0
2022,91436,0.0,1.0,3.0,0.0,76.0
2022,91501,3.0,2.0,6.0,0.0,35.0
2022,91504,9.0,6.0,17.0,3.0,100.0
2022,91505,33.0,25.0,35.0,9.0,267.0
2022,91506,12.0,8.0,2.0,1.0,101.0
2022,91601,11.0,6.0,66.0,64.0,327.0
2022,91602,4.0,4.0,31.0,4.0,174.0
2022,91604,4.0,4.0,16.0,15.0,161.0
2022,91605,97.0,60.0,162.0,45.0,1257.0
2022,91606,37.0,23.0,71.0,35.0,428.0
2022,91607,3.0,1.0,18.0,12.0,178.0
2022,91608,0.0,0.0,0.0,0.0,1.0
2022,91754,9.0,6.0,10.0,9.0,120.0
2022,91801,6.0,2.0,7.0,0.0,104.0
2022,91803,5.0,1.0,4.0,0.0,67.0
2023,90001,225.0,123.0,286.0,39.0,1744.0
2023,90002,46.0,39.0,228.0,31.0,899.0
2023,90003,163.0,105.0,168.0,59.0,2051.0
2023,90004,37.0,26.0,33.0,49.0,782.0
2023,90005,13.0,33.0,13.0,67.0,494.0
2023,90006,35.0,56.0,55.0,85.0,759.0
2023,90007,73.0,69.0,99.0,111.0,1132.0
2023,90008,13.0,23.0,26.0,20.0,244.0
2023,90010,7.0,11.0,10.0,55.0,382.0
2023,90011,191.0,183.0,290.0,159.0,2521.0
2023,90012,41.0,29.0,42.0,255.0,2385.0
2023,90013,98.0,72.0,71.0,699.0,5045.0
2023,90014,72.0,36.0,63.0,666.0,4269.0
2023,90015,73.0,64.0,144.0,329.0,2330.0
2023,90016,104.0,47.0,73.0,75.0,873.0
2023,90017,29.0,39.0,25.0,87.0,1057.0
2023,90018,110.0,89.0,122.0,64.0,1169.0
2023,90019,34.0,31.0,62.0,56.0,618.0
2023,90020,34.0,31.0,10.0,46.0,512.0
2023,90021,97.0,91.0,169.0,579.0,3050.0
2023,90023,138.0,101.0,142.0,58.0,1227.0
2023,90024,21.0,9.0,9.0,8.0,564.0
2023,90025,34.0,20.0,82.0,67.0,830.0
2023,90026,51.0,102.0,82.0,69.0,1136.0
2023,90027,24.0,42.0,26.0,50.0,778.0
2023,90028,18.0,31.0,21.0,196.0,1323.0
2023,90029,30.0,62.0,34.0,47.0,814.0
2023,90031,34.0,48.0,104.0,31.0,672.0
2023,90032,22.0,41.0,111.0,4.0,436.0
2023,90033,66.0,54.0,95.0,46.0,787.0
2023,90034,30.0,41.0,61.0,52.0,445.0
2023,90035,4.0,24.0,20.0,23.0,328.0
2023,90036,3.0,8.0,10.0,42.0,267.0
2023,90037,74.0,56.0,84.0,139.0,1155.0
2023,90038,24.0,20.0,18.0,87.0,745.0
2023,90039,20.0,27.0,24.0,21.0,381.0
2023,90041,12.0,16.0,50.0,2.0,190.0
2023,90042,39.0,60.0,51.0,46.0,587.0
2023,90043,8.0,10.0,46.0,1.0,225.0
2023,90044,112.0,161.0,232.0,65.0,2447.0
2023,90045,63.0,50.0,101.0,25.0,766.0
2023,90046,14.0,5.0,5.0,37.0,395.0
2023,90047,73.0,92.0,221.0,39.0,2137.0
2023,90048,0.0,1.0,3.0,26.0,109.0
2023,90049,8.0,3.0,9.0,8.0,228.0
2023,90056,12.0,2.0,6.0,6.0,60.0
2023,90057,13.0,24.0,37.0,113.0,1067.0
2023,90058,91.0,119.0,149.0,54.0,1309.0
2023,90059,39.0,69.0,75.0,38.0,891.0
2023,90061,56.0,36.0,275.0,28.0,1049.0
2023,90062,33.0,45.0,79.0,13.0,648.0
2023,90063,29.0,49.0,84.0,17.0,369.0
2023,90064,40.0,28.0,83.0,115.0,640.0
2023,90065,33.0,51.0,76.0,59.0,554.0
2023,90066,36.0,103.0,116.0,92.0,790.0
2023,90067,0.0,0.0,0.0,0.0,12.0
2023,90068,12.0,7.0,40.0,17.0,495.0
2023,90069,0.0,0.0,3.0,1.0,31.0
2023,90071,0.0,0.0,0.0,25.0,329.0
2023,90073,3.0,1.0,4.0,0.0,171.0
2023,90077,8.0,3.0,1.0,1.0,49.0
2023,90079,10.0,2.0,2.0,32.0,150.0
2023,90089,13.0,5.0,14.0,39.0,276.0
2023,90094,5.0,18.0,4.0,2.0,75.0
2023,90095,6.0,2.0,1.0,1.0,118.0
2023,90210,0.0,0.0,0.0,1.0,28.0
2023,90211,0.0,0.0,0.0,0.0,21.0
2023,90212,2.0,0.0,1.0,12.0,40.0
2023,90230,41.0,13.0,58.0,61.0,445.0
2023,90232,16.0,14.0,20.0,41.0,278.0
2023,90245,5.0,6.0,14.0,8.0,74.0
2023,90247,35.0,21.0,88.0,8.0,341.0
2023,90248,150.0,123.0,450.0,30.0,1397.0
2023,90250,25.0,17.0,10.0,8.0,259.0
2023,90262,10.0,2.0,9.0,18.0,118.0
2023,90265,39.0,20.0,16.0,3.0,179.0
2023,90272,24.0,6.0,6.0,0.0,70.0
2023,90275,2.0,1.0,4.0,0.0,20.0
2023,90280,29.0,11.0,12.0,31.0,373.0
2023,90290,9.0,12.0,3.0,0.0,67.0
2023,90291,76.0,245.0,177.0,48.0,1270.0
2023,90292,15.0,71.0,91.0,42.0,435.0
2023,90293,1.0,7.0,15.0,17.0,86.0
2023,90301,4.0,1.0,7.0,12.0,298.0
2023,90302,11.0,7.0,9.0,8.0,271.0
2023,90304,19.0,11.0,15.0,31.0,273.0
2023,90305,0.0,1.0,5.0,2.0,41.0
2023,90402,3.0,1.0,1.0,0.0,29.0
2023,90403,16.0,13.0,4.0,2.0,312.0
2023,90404,34.0,19.0,35.0,12.0,677.0
2023,90405,34.0,69.0,29.0,18.0,907.0
2023,90501,53.0,54.0,74.0,3.0,430.0
2023,90502,4.0,34.0,67.0,3.0,186.0
2023,90504,21.0,21.0,6.0,8.0,147.0
2023,90710,30.0,27.0,40.0,27.0,353.0
2023,90717,11.0,23.0,28.0,2.0,170.0
2023,90731,112.0,92.0,145.0,61.0,1216.0
2023,90732,35.0,30.0,60.0,10.0,322.0
2023,90744,135.0,81.0,348.0,46.0,1390.0
2023,90745,17.0,0.0,3.0,1.0,76.0
2023,90802,0.0,0.0,0.0,0.0,2.0
2023,90810,78.0,19.0,194.0,1.0,564.0
2023,90813,64.0,19.0,194.0,0.0,506.0
2023,91011,0.0,0.0,0.0,4.0,9.0
2023,91030,1.0,2.0,9.0,6.0,122.0
2023,91040,17.0,14.0,37.0,14.0,269.0
2023,91042,9.0,10.0,25.0,1.0,105.0
2023,91105,3.0,4.0,8.0,0.0,71.0
2023,91201,3.0,1.0,8.0,11.0,317.0
2023,91204,,,,,
2023,91205,1.0,0.0,4.0,0.0,9.0
2023,91206,0.0,0.0,0.0,0.0,1.0
2023,91214,0.0,2.0,4.0,0.0,10.0
2023,91302,5.0,1.0,5.0,0.0,50.0
2023,91303,25.0,28.0,38.0,19.0,292.0
2023,91304,22.0,41.0,55.0,13.0,392.0
2023,91306,16.0,15.0,42.0,5.0,144.0
2023,91307,3.0,10.0,6.0,3.0,58.0
2023,91311,20.0,28.0,146.0,58.0,529.0
2023,91316,14.0,4.0,24.0,17.0,220.0
2023,91321,10.0,11.0,19.0,3.0,192.0
2023,91324,38.0,29.0,127.0,29.0,440.0
2023,91325,32.0,19.0,30.0,6.0,192.0
2023,91326,12.0,1.0,5.0,2.0,40.0
2023,91330,1.0,0.0,0.0,0.0,9.0
2023,91331,114.0,83.0,257.0,31.0,1196.0
2023,91335,20.0,21.0,70.0,23.0,448.0
2023,91340,57.0,22.0,36.0,9.0,342.0
2023,91342,93.0,35.0,142.0,29.0,1031.0
2023,91343,19.0,14.0,19.0,31.0,332.0
2023,91344,21.0,13.0,19.0,13.0,133.0
2023,91345,5.0,7.0,12.0,3.0,61.0
2023,91352,72.0,80.0,312.0,25.0,1706.0
2023,91356,7.0,3.0,4.0,11.0,96.0
2023,91364,4.0,7.0,7.0,11.0,94.0
2023,91367,14.0,12.0,21.0,28.0,178.0
2023,91371,1.0,0.0,1.0,1.0,8.0
2023,91401,6.0,7.0,14.0,37.0,367.0
2023,91402,8.0,12.0,13.0,19.0,202.0
2023,91403,7.0,12.0,13.0,3.0,100.0
2023,91405,13.0,12.0,16.0,15.0,411.0
2023,91406,22.0,14.0,44.0,26.0,566.0
2023,91411,2.0,7.0,8.0,6.0,141.0
2023,91423,4.0,12.0,18.0,4.0,146.0
2023,91436,11.0,5.0,5.0,10.0,129.0
2023,91501,4.0,1.0,2.0,1.0,50.0
2023,91504,8.0,3.0,19.0,0.0,88.0
2023,91505,36.0,28.0,105.0,2.0,390.0
2023,91506,13.0,7.0,4.0,1.0,107.0
2023,91601,20.0,23.0,38.0,46.0,377.0
2023,91602,6.0,8.0,15.0,46.0,269.0
2023,91604,6.0,6.0,9.0,37.0,235.0
2023,91605,40.0,62.0,167.0,31.0,1486.0
2023,91606,71.0,54.0,99.0,66.0,843.0
2023,91607,23.0,5.0,13.0,21.0,293.0
2023,91608,0.0,0.0,0.0,1.0,8.0
2023,91754,16.0,11.0,3.0,9.0,138.0
2023,91801,9.0,14.0,14.0,0.0,172.0
2023,91803,3.0,6.0,4.0,1.0,82.0
