tract,total cars,total vans,total campers or rvs,total tents,total homeless individuals
930000,2,0,0,0,16
920335,0,0,0,0,0
920334,0,0,0,0,0
920332,0,0,1,0,0
920331,0,0,0,0,0
920330,0,0,0,0,0
920329,0,0,0,0,0
920328,1,0,1,0,1
920327,0,0,2,0,0
920322,0,0,0,0,0
920314,3,0,0,0,2
920313,1,0,10,0,13
920312,0,2,1,0,3
920113,2,1,2,0,1
920112,0,0,1,0,0
920111,0,0,0,0,0
920110,0,0,0,0,0
920109,1,0,0,0,0
920108,0,0,0,0,0
920107,4,4,7,0,1
920106,0,0,1,0,2
920043,0,0,0,1,0
920042,0,2,0,0,0
920041,0,0,1,0,0
920040,0,0,0,0,0
920039,0,0,0,0,1
920038,0,1,0,0,0
920037,0,0,0,0,1
920036,0,0,1,0,0
920035,0,0,1,0,0
920034,2,1,5,1,4
920033,0,1,0,0,0
920031,10,1,8,0,0
920030,0,0,0,0,0
920029,0,0,0,0,0
920028,0,0,0,0,1
920023,5,9,3,0,1
920020,0,1,1,0,1
920019,0,0,1,0,0
920018,0,0,0,0,0
920017,0,0,1,0,0
920016,0,1,0,0,0
920015,1,0,0,0,0
920014,0,0,0,0,0
920013,0,0,0,0,1
911000,0,1,2,0,1
910902,0,0,2,0,3
910901,9,5,12,5,0
910809,0,0,1,0,0
910807,0,0,0,0,1
910806,0,0,0,0,0
910804,0,0,0,0,0
910803,0,0,0,0,0
910710,0,0,0,0,1
910709,0,0,25,1,1
910708,0,0,0,0,0
910707,0,0,0,0,0
910706,1,0,2,0,4
910705,4,0,4,0,2
910704,0,0,2,0,0
910703,1,0,1,0,1
910604,0,0,0,0,1
910603,0,0,0,2,1
910602,0,0,2,0,7
910601,2,6,33,0,5
910503,0,0,0,0,0
910502,0,0,4,0,5
910501,0,0,1,0,5
910404,0,0,0,1,2
910403,0,1,0,0,17
910402,7,1,8,5,19
910401,0,0,0,0,1
910302,0,0,4,0,2
910301,0,0,0,0,0
910206,0,0,0,0,0
910205,0,0,0,0,0
910204,0,0,0,0,0
910203,0,0,0,0,2
910202,0,0,0,1,0
910201,0,0,2,0,1
910100,0,1,13,0,6
910000,8,1,44,4,5
901207,1,0,18,0,0
901206,0,0,0,0,0
901205,0,1,3,0,0
901204,0,0,0,0,0
901203,1,0,73,0,0
901102,0,0,8,0,3
901101,0,0,0,0,2
901007,0,0,2,2,0
901006,0,0,12,0,0
901005,4,1,31,4,22
901004,0,0,3,0,3
901003,0,0,0,0,0
900900,21,8,27,28,56
900806,1,0,1,2,31
900805,1,0,0,0,10
900804,0,3,7,0,12
900803,2,0,0,2,14
900705,1,2,3,0,11
900704,1,0,2,1,0
900703,2,0,0,3,14
900701,1,0,1,0,4
900607,13,2,6,3,43
900606,0,0,3,0,18
900605,0,0,0,0,2
900604,12,6,3,14,82
900602,0,0,0,0,7
900504,9,6,4,8,74
900503,0,0,0,0,2
900502,0,0,0,0,5
900501,3,6,11,2,43
900300,2,0,6,0,3
900200,0,0,9,0,1
900102,0,0,17,0,2
900101,0,0,3,0,6
800502,0,0,0,0,2
800501,0,1,3,0,1
800404,0,1,1,0,4
800403,1,0,0,0,1
800401,0,0,0,0,0
800326,0,0,0,0,1
703200,0,0,0,0,0
703100,4,0,0,0,4
703002,7,2,3,0,2
703001,0,0,1,0,6
702901,0,0,0,2,2
702803,5,3,2,0,2
702802,0,0,0,0,0
702801,0,1,0,0,2
702700,0,2,0,0,2
702600,3,0,0,0,4
702502,0,0,0,0,3
702501,0,0,0,0,0
702400,0,0,2,0,12
702300,5,1,2,0,6
702202,0,4,1,0,3
702201,1,0,0,0,12
702100,0,0,0,1,6
702000,1,3,0,0,14
701900,6,6,1,0,127
701802,1,5,3,0,27
701801,1,4,1,0,22
701702,1,6,0,2,30
701701,0,0,0,0,10
701602,0,0,0,0,4
701601,1,2,0,0,6
701502,0,0,0,0,8
701501,0,0,0,0,9
701400,2,0,0,0,31
701302,0,0,0,0,5
701301,0,0,0,0,8
701202,0,0,0,0,0
701201,0,0,0,0,0
701100,0,0,0,0,0
701000,0,0,0,0,1
700902,0,0,1,0,2
700901,0,0,0,0,3
700800,1,0,0,0,14
700700,0,0,0,0,5
700600,0,0,0,0,4
700500,1,0,0,0,2
700400,0,0,0,0,3
700300,0,0,0,0,7
700200,0,0,0,0,11
700100,1,2,0,0,20
670702,0,0,0,0,0
670701,0,0,0,0,0
670600,0,0,0,0,0
670500,0,0,0,0,0
670414,0,0,0,0,0
670413,0,0,0,0,0
670411,0,0,0,0,0
670407,0,0,0,0,0
670406,0,0,0,0,0
670405,0,2,0,0,0
670403,0,0,0,0,0
670322,0,0,0,0,0
670321,0,0,0,0,0
670301,0,0,0,0,0
670202,0,0,0,0,0
670201,0,0,0,0,0
670100,1,1,0,0,4
670003,0,0,0,0,5
670002,0,0,0,0,1
670001,0,0,0,0,1
651400,0,0,0,0,0
651302,0,0,0,0,1
651301,0,0,0,0,4
651222,2,0,0,0,2
651221,0,0,0,0,0
651201,0,0,0,0,0
651102,0,0,0,0,0
651101,0,1,0,0,1
651002,0,3,1,0,3
651001,0,0,0,0,0
650902,0,0,1,0,1
650901,1,0,1,0,2
650800,0,0,1,0,2
650702,0,0,0,0,0
650701,0,1,0,0,2
650603,0,0,0,0,0
650602,0,0,0,0,6
650601,0,0,0,0,1
650502,0,0,0,0,0
650501,1,0,2,0,2
650400,0,2,0,0,3
650300,0,0,0,0,8
650200,0,0,0,0,0
650102,1,0,0,0,0
650101,0,1,1,0,1
650002,1,0,0,0,0
650001,0,0,0,0,1
621400,1,1,1,0,2
621322,0,5,0,0,9
621321,0,0,0,0,3
621301,0,0,0,0,0
621202,0,3,0,0,15
621201,0,1,1,0,1
621102,0,0,0,0,0
621101,0,1,0,0,11
621002,0,1,0,0,1
621001,0,0,0,0,0
620902,0,0,0,0,1
620901,0,0,0,0,0
620800,0,0,2,0,0
620702,0,0,0,0,0
620701,0,4,0,0,6
620602,0,3,0,0,3
620601,0,0,1,0,7
620522,0,1,0,0,0
620521,0,4,1,0,1
620501,0,5,7,12,7
620400,0,0,1,0,0
620303,0,0,0,0,0
620302,0,0,0,0,0
620301,0,0,0,0,0
620201,0,0,0,0,0
620102,0,1,0,0,0
620101,0,0,0,0,0
620003,0,0,0,0,0
620002,0,0,1,0,0
620001,1,1,3,0,0
609900,5,7,12,0,1
604100,0,1,1,0,2
604000,0,0,0,4,2
603900,0,0,0,0,0
603800,0,0,0,3,2
603704,1,3,1,0,2
603703,0,0,0,0,2
603702,0,0,1,0,5
603600,0,0,0,0,2
603500,0,0,2,0,3
603400,0,0,0,0,1
603302,1,0,1,0,0
603301,1,1,2,0,5
603200,0,0,0,0,0
603102,0,0,0,0,0
603101,1,3,1,0,1
603004,2,0,0,0,3
603003,0,0,0,0,0
603001,0,0,4,0,5
602900,1,0,2,0,2
602800,0,0,2,1,25
602700,0,0,0,0,4
602600,0,0,0,0,0
602503,1,4,5,0,3
602502,0,3,0,0,3
602501,0,6,1,0,0
602404,0,0,0,0,2
602403,0,0,0,0,0
602402,0,1,1,0,1
602302,0,0,0,10,6
602301,0,0,0,0,2
602200,0,2,2,14,6
602106,0,0,0,0,0
602105,0,0,0,0,4
602104,0,0,0,0,4
602103,0,1,0,0,0
602004,0,0,0,0,0
602003,0,0,0,0,5
602002,0,0,0,0,2
601900,0,0,0,0,3
601802,0,0,0,0,4
601801,0,1,0,0,12
601700,0,0,0,0,1
601600,2,4,7,0,7
601502,0,2,0,0,4
601501,0,1,0,0,6
601402,0,0,0,0,2
601401,0,0,2,0,3
601303,8,0,0,0,6
601302,0,0,0,3,9
601301,1,0,1,0,3
601212,0,0,3,0,2
601211,0,0,0,0,2
601202,0,0,0,0,7
601100,0,0,0,0,5
601002,0,0,1,0,2
601001,0,0,2,0,12
600912,1,1,1,0,3
600911,0,1,0,0,2
600902,0,0,0,0,3
600802,0,0,1,0,5
600801,0,1,0,0,2
600704,1,1,0,0,1
600703,0,0,0,0,4
600702,0,2,0,0,0
600602,0,0,0,0,8
600601,2,0,0,0,45
600502,0,1,0,0,3
600501,1,0,0,0,36
600400,0,2,4,0,16
600302,0,4,4,0,8
600301,0,2,4,0,15
600202,2,5,5,0,56
600201,1,1,5,0,54
600100,1,0,1,0,28
599100,0,0,0,0,2
599000,0,0,0,0,0
573403,0,2,2,0,0
573402,0,0,0,0,0
573401,0,0,3,0,0
571400,0,0,0,0,2
571300,0,0,0,0,1
571102,0,0,0,0,1
571101,0,0,0,0,1
571000,0,0,2,0,3
570902,0,0,0,0,4
570901,0,0,0,0,3
570800,1,0,0,0,0
570702,0,0,0,0,1
570701,4,2,2,0,19
570003,0,0,1,0,0
570002,0,0,0,0,0
570001,0,0,0,0,0
555212,6,1,2,0,7
555104,3,2,3,0,12
555103,0,0,0,0,7
555102,0,0,0,0,5
555002,0,1,0,0,3
555001,0,0,0,0,1
554900,0,0,2,0,1
554802,0,0,0,0,1
554801,0,0,0,0,1
554700,1,1,1,0,5
554600,0,0,0,0,2
554522,0,0,0,0,2
554521,0,0,1,0,1
554519,0,0,0,0,0
554518,0,0,0,0,2
554517,0,0,0,0,0
554516,0,0,0,0,0
554515,0,0,0,0,0
554514,0,0,0,0,3
554513,0,0,0,0,0
554512,1,0,0,0,0
554511,0,0,0,0,0
554404,0,3,1,0,8
554403,0,1,0,0,13
554401,2,0,3,2,23
554300,1,1,6,5,16
554202,2,0,0,2,8
554201,0,1,0,0,1
554102,1,7,2,0,7
554101,0,3,0,0,1
554002,1,1,0,0,1
554001,0,3,3,0,7
553902,0,1,0,0,2
553901,0,0,0,0,0
553802,1,0,1,0,3
553801,0,0,0,0,1
553702,0,0,3,2,5
553701,0,0,0,0,7
553602,4,5,4,1,20
553601,0,1,0,0,4
553502,0,0,3,0,5
553501,0,3,1,0,0
553400,0,0,0,0,3
553300,0,0,0,0,2
553200,0,0,0,0,0
553100,0,0,0,0,7
553000,3,1,2,5,28
552900,0,0,0,0,0
552800,0,0,0,0,0
552700,0,0,0,0,0
552602,0,1,3,0,2
552601,0,0,0,0,2
552400,0,0,0,0,5
552300,7,2,5,0,6
552200,0,1,0,0,3
552100,0,0,0,0,3
552000,2,0,3,0,0
551900,9,0,0,0,13
551800,0,0,0,0,0
551700,1,1,0,0,0
551600,2,0,1,0,11
551500,0,0,0,0,18
551400,1,1,0,0,2
551300,0,1,0,0,5
551202,0,0,0,0,3
551201,0,4,0,0,7
551100,4,0,1,0,15
551000,0,0,1,0,5
550900,0,0,0,0,3
550800,0,1,2,0,0
550700,2,0,0,0,0
550600,0,0,0,0,3
550500,0,0,1,0,4
550400,0,0,0,6,9
550300,0,0,0,0,2
550200,0,0,3,0,20
550100,0,0,0,0,0
550000,0,1,0,0,1
544000,1,1,5,0,1
543904,0,0,1,5,3
543903,0,2,3,0,1
543802,0,2,1,0,4
543801,2,0,0,0,2
543703,0,0,0,0,1
543702,0,0,1,0,0
543701,0,0,0,0,0
543604,0,1,2,3,6
543603,0,0,0,0,0
543602,0,0,2,0,1
543601,0,0,0,0,2
543503,0,0,0,0,3
543502,0,18,3,0,0
543501,0,0,2,0,2
543400,3,1,10,0,1
543322,0,0,7,0,0
543321,0,0,0,0,1
543305,0,0,4,3,4
543304,1,0,0,0,0
543303,0,1,0,0,3
543202,0,2,0,0,0
543201,0,0,5,0,2
543100,0,1,1,0,2
543000,0,0,3,0,3
542900,0,0,0,0,1
542800,0,0,0,0,7
542700,0,0,0,0,0
542602,0,0,2,0,4
542601,0,0,12,0,3
542502,0,0,0,0,15
542501,0,0,2,0,18
542402,0,1,0,13,8
542401,1,0,2,0,5
542200,3,0,0,0,4
542102,0,1,0,0,13
542101,0,0,0,0,0
542000,0,0,0,5,6
541802,0,0,0,0,2
541801,11,10,9,0,4
541700,0,0,1,0,3
541606,8,0,0,0,11
541605,15,21,5,1,2
541604,1,0,0,0,0
541603,0,0,0,0,0
541500,1,1,4,0,2
541400,0,1,0,0,11
541300,0,0,0,0,2
541200,1,0,1,0,21
541100,9,14,0,0,6
541002,0,0,21,0,2
541001,7,5,24,0,15
540902,64,56,131,10,110
540901,9,5,19,0,20
540800,2,8,5,0,18
540700,2,0,6,0,18
540600,0,1,3,0,8
540502,0,0,0,0,5
540501,10,16,14,0,30
540400,0,0,0,0,6
540300,0,0,0,0,1
540203,1,0,0,0,3
540202,0,2,4,1,3
540201,0,0,0,0,0
540102,0,0,0,0,4
540101,0,0,0,0,1
540000,2,0,1,0,1
536200,0,0,0,0,0
536102,0,0,0,0,42
536101,0,1,0,0,3
536000,2,13,6,0,5
535902,0,0,0,0,0
535901,0,0,0,0,2
535804,0,0,0,0,0
535803,0,0,0,0,6
535802,1,0,0,0,0
535702,0,0,0,0,0
535701,0,0,0,0,2
535607,0,0,0,0,0
535606,1,0,0,0,0
535605,0,0,0,0,1
535604,0,0,0,0,1
535603,0,1,0,0,1
535503,0,0,1,1,8
535502,2,3,1,0,1
535501,2,7,1,0,1
535400,4,3,5,0,10
535300,1,0,11,0,8
535200,5,4,3,0,24
535102,0,10,6,0,45
535101,1,0,2,0,2
535000,0,1,1,0,4
534900,0,0,8,0,16
534802,0,0,0,0,0
534502,0,0,0,0,2
534501,0,0,0,0,0
534405,0,0,0,0,1
534403,0,0,0,0,4
534302,0,0,0,0,2
534301,0,0,0,0,1
534203,0,1,0,0,2
534202,0,0,0,0,0
534201,0,1,0,0,5
534102,0,0,0,0,2
534101,1,0,1,0,4
534002,2,0,0,0,0
534001,0,0,0,0,2
533902,0,1,0,1,6
533901,0,1,1,0,3
533804,0,0,0,0,0
533803,0,1,0,0,2
533801,0,0,0,0,23
533703,0,0,0,0,9
533702,0,0,0,0,5
533701,0,0,0,0,6
533603,0,0,0,0,18
533602,1,0,0,0,13
533601,2,0,0,0,9
533503,0,0,0,0,0
533502,0,1,0,0,0
533501,6,11,0,0,11
533403,1,0,1,0,0
533402,0,0,0,0,1
533401,0,0,2,0,0
533300,0,1,1,0,0
533203,0,0,0,0,0
533202,0,1,1,0,1
533201,0,0,0,0,0
533107,0,0,0,0,2
533106,0,0,0,0,2
533105,0,0,0,0,2
533104,0,4,3,0,14
533103,1,5,1,4,13
533000,0,0,5,1,13
532900,0,3,2,0,30
532800,7,18,11,0,32
532700,0,0,0,0,9
532606,1,0,1,0,0
532605,0,1,0,0,24
532604,3,0,0,0,2
532603,0,1,0,0,1
532500,2,7,3,0,28
532400,1,1,2,0,5
532304,3,0,2,0,4
532303,5,4,11,1,8
532302,1,0,0,0,1
532102,5,9,2,0,18
532002,0,2,0,0,0
531902,0,0,0,0,5
531901,0,0,0,0,0
531800,0,0,3,0,7
531702,0,1,3,2,14
531701,0,11,2,0,15
531604,0,1,1,0,10
531603,0,0,0,0,1
531602,0,1,1,0,1
531502,0,0,0,0,7
531501,0,1,0,0,5
531302,0,0,2,0,2
531301,0,1,0,0,1
531202,0,0,0,0,2
531201,0,0,0,0,0
531102,1,0,0,0,1
531101,3,0,5,0,9
531000,0,0,0,0,0
530902,4,4,1,0,4
530901,0,0,0,0,0
530802,0,1,1,0,1
530801,0,0,1,0,0
530700,1,0,3,0,2
530602,4,6,1,0,0
530601,0,0,1,0,0
530500,0,0,0,0,1
530400,1,2,0,0,0
530302,0,1,1,0,0
530301,0,0,1,0,3
530204,0,0,0,0,0
530202,0,0,0,0,4
530005,2,1,1,0,2
530004,0,2,0,0,1
530003,0,0,1,0,0
504102,0,0,10,3,37
504101,0,0,0,0,0
504002,0,0,0,0,0
504001,0,0,1,0,0
503902,0,0,2,1,2
503901,0,0,0,0,0
503802,0,0,0,0,0
503801,0,0,1,0,1
503703,1,0,0,0,0
503702,0,0,1,0,1
503701,0,0,0,0,0
503602,0,0,0,0,3
503601,0,0,0,0,2
503502,0,0,1,0,0
503501,0,2,2,0,4
503402,0,3,2,0,0
503401,3,0,2,0,5
503302,1,1,4,0,1
503301,0,0,0,0,0
503202,0,0,0,0,0
503201,0,0,0,0,0
503102,1,6,11,0,17
503101,0,0,2,0,17
503000,0,1,1,0,1
502902,5,3,16,0,8
502901,1,0,0,0,1
502800,1,1,4,0,5
502700,3,3,2,5,63
502602,1,1,3,0,1
502601,0,0,1,0,3
502500,0,0,3,6,32
502402,0,0,0,0,4
502401,0,0,0,0,0
502302,0,0,3,0,2
502301,1,0,0,0,0
502200,0,3,4,0,3
502100,2,0,1,2,3
502002,5,2,2,0,4
502001,0,0,0,0,5
501900,0,0,1,0,3
501802,0,0,0,0,0
501801,0,1,0,0,9
501700,0,0,0,0,0
501600,2,1,1,1,14
501504,0,1,2,1,2
501503,1,1,1,0,3
501501,0,1,1,0,6
501400,4,3,2,0,10
501300,0,0,0,0,2
501200,0,3,0,0,6
501000,1,0,4,0,0
500900,0,1,1,0,1
500800,0,0,0,0,0
500700,0,0,0,0,2
500600,0,4,1,0,5
500500,0,1,5,0,.
500402,0,0,0,0,5
500401,0,0,0,0,19
500300,0,0,1,0,0
500202,0,0,0,0,0
482800,2,0,0,0,1
482702,0,0,0,0,0
482701,0,0,0,0,4
482522,0,0,0,0,1
482503,1,2,0,0,2
482502,0,0,0,0,6
482402,0,0,0,0,1
482401,0,0,0,0,5
482304,0,0,1,0,1
482303,0,0,1,0,0
482301,0,0,0,0,0
482202,0,0,0,0,0
482201,0,0,0,0,0
482102,0,0,0,0,0
481902,0,0,0,0,0
481901,0,0,0,0,1
481800,0,0,0,0,0
481713,0,0,0,0,1
481604,0,0,0,0,0
481603,0,1,0,0,0
481602,0,0,0,0,1
481500,0,1,0,0,2
481402,0,0,0,0,1
481401,0,0,0,0,1
481300,0,0,0,0,0
481201,0,0,0,0,0
481103,0,0,0,0,1
481002,0,0,0,0,1
481001,0,0,0,0,0
480903,0,0,0,0,0
480902,0,0,0,0,1
480901,0,1,0,0,0
480804,1,0,0,0,1
480803,0,0,0,0,1
480802,0,1,0,0,1
480600,0,0,0,0,0
480400,0,0,0,2,1
480302,0,0,0,1,0
480301,0,0,0,0,0
480101,0,0,0,0,0
464200,0,0,0,0,0
464100,0,0,0,0,0
463102,0,0,0,0,0
461300,0,0,0,0,3
461000,5,4,2,3,5
460501,0,0,0,0,0
460200,0,0,0,2,2
460000,0,0,0,0,0
434002,1,1,0,0,1
434001,1,1,0,0,5
433902,0,0,0,0,0
433901,0,0,0,0,0
433802,0,0,1,0,7
433801,0,0,1,0,6
433602,0,0,0,0,0
433601,1,0,0,0,0
433502,0,0,0,0,5
433403,0,1,0,0,3
433402,1,1,0,0,1
433401,1,3,0,0,2
433303,0,0,0,0,0
433302,0,0,0,0,5
433301,0,0,0,0,0
433200,0,0,0,0,2
433100,2,0,1,0,6
432902,0,0,0,0,0
432901,0,0,0,0,2
432802,0,0,0,0,2
432801,0,0,0,0,3
432700,0,1,0,0,30
432602,0,0,0,0,0
432601,0,0,1,0,0
432500,0,0,0,0,0
432402,0,0,0,0,0
432401,4,0,0,0,22
432300,0,0,0,0,0
432202,0,0,2,0,3
432201,0,0,1,0,3
432102,0,0,0,0,0
432101,0,0,0,0,0
432000,0,0,0,0,1
431900,1,0,0,0,0
431800,0,0,0,0,0
431700,0,0,0,0,0
431600,0,0,0,0,0
431500,0,1,0,0,2
431400,0,0,0,0,0
431200,0,0,5,0,0
431100,1,1,4,0,0
431002,0,0,2,0,0
431001,0,0,2,0,1
430900,0,0,3,0,4
430803,0,0,0,0,0
430802,0,0,0,0,1
430801,1,0,0,0,0
430724,0,0,0,0,0
430723,1,0,0,0,0
430721,0,0,0,0,3
430701,0,0,0,0,0
430600,0,0,0,0,0
430502,0,0,0,0,2
430501,0,0,0,0,0
430400,0,0,1,0,1
430302,4,0,0,0,0
430301,0,0,0,0,1
430102,1,0,0,0,0
430101,1,0,1,0,9
430002,0,0,2,0,5
430001,0,0,0,0,0
408800,1,3,0,0,67
408722,0,0,0,0,0
408721,0,0,0,0,0
408703,0,0,0,0,0
408628,0,0,0,0,0
408624,0,0,0,0,0
408623,0,0,0,0,0
408502,0,0,0,0,0
408501,0,0,0,0,3
408302,0,0,0,0,2
408212,0,0,0,0,0
408133,0,0,0,0,4
408132,0,0,0,0,0
408102,0,0,0,0,2
408001,0,0,0,0,0
407800,1,1,0,0,0
407500,0,0,0,0,0
407400,0,0,0,0,0
407101,1,0,0,0,1
407002,0,1,0,0,2
407001,0,1,1,0,4
406900,0,0,0,0,1
406800,1,3,2,0,2
406700,1,2,2,0,16
406602,0,0,5,0,4
406500,0,1,1,0,1
406412,0,0,0,0,4
406411,0,0,0,0,0
406402,0,0,0,0,0
406102,1,0,0,0,4
406101,3,0,0,0,10
406000,2,0,2,0,3
405900,0,0,0,0,4
405800,0,1,2,1,1
405700,0,0,2,0,0
405600,1,0,0,0,2
405500,0,0,0,0,0
405203,0,1,2,0,0
405202,2,3,0,0,1
405201,0,0,0,0,0
405102,0,1,3,0,22
405101,0,0,0,0,4
405002,0,1,0,0,0
405001,0,0,0,0,1
404903,0,1,0,0,15
404902,0,0,0,0,0
404901,0,0,0,0,0
404803,0,0,0,0,11
404802,0,0,0,0,3
404801,0,0,0,0,1
404703,0,0,0,0,3
404702,0,0,0,0,3
404701,0,0,2,0,1
404502,0,0,0,0,0
404402,0,0,4,0,0
404302,0,0,0,0,1
404200,0,0,0,0,8
404100,0,1,1,0,1
404000,0,2,3,0,0
403902,0,0,0,0,0
403901,1,0,1,0,2
403802,0,0,0,0,0
403722,0,0,1,0,1
403721,0,0,0,0,0
403703,0,0,0,0,0
403702,0,0,0,0,3
403600,0,1,0,0,2
403406,0,0,0,0,1
403404,0,0,0,0,0
403403,0,0,0,0,1
403402,1,0,0,0,1
403324,0,0,0,0,0
403323,0,0,0,0,1
403322,0,0,0,0,1
403320,0,0,0,0,0
403318,0,0,0,0,0
403317,0,0,0,0,0
403316,0,1,0,0,2
403312,0,0,0,0,0
403305,0,0,0,0,0
403304,0,0,0,0,2
403303,0,0,0,0,0
403200,0,0,0,1,0
403000,8,0,1,0,4
402902,0,0,0,0,0
402901,0,1,2,1,1
402802,3,2,4,0,6
402801,1,0,0,0,5
402704,0,0,1,0,20
402703,0,1,0,0,1
402702,2,0,1,0,8
402600,0,0,0,0,3
402502,0,0,0,0,1
402501,1,0,1,0,5
402403,0,0,0,0,0
402402,0,0,5,0,28
402401,1,0,1,0,6
402302,20,9,7,2,59
402301,0,0,1,0,0
402200,2,2,1,0,19
402102,0,0,0,1,13
402101,0,0,0,0,2
402000,0,0,0,0,0
401902,0,0,0,0,0
401901,0,0,0,0,0
401800,0,1,0,0,4
401704,0,0,0,0,0
401703,0,0,2,0,0
401701,0,0,0,0,3
401603,0,1,1,0,2
401602,0,0,0,0,0
401601,0,0,0,0,2
401500,0,0,2,0,0
401312,0,0,0,0,1
401311,2,0,0,0,2
401302,0,0,0,0,0
401203,0,0,4,0,1
401202,1,1,0,0,0
401201,0,0,0,0,0
401102,0,0,0,0,3
401101,0,0,0,0,1
401002,0,0,0,0,1
401001,0,0,0,0,0
400900,0,0,0,0,2
400800,0,0,0,0,8
400604,0,0,0,0,1
400603,3,0,1,0,1
400500,0,0,0,0,0
400402,0,0,0,0,0
400304,0,0,0,0,1
400303,1,0,0,0,0
400302,0,0,0,0,0
400206,0,0,0,0,0
400205,0,0,0,0,0
400204,0,0,0,0,0
400203,0,0,0,0,0
320300,0,0,1,0,5
320200,0,1,1,0,0
320100,0,0,2,0,0
311800,0,0,0,0,1
311700,0,2,0,0,4
311600,0,0,1,0,0
311500,0,1,1,0,0
311400,0,0,0,0,0
311300,0,0,0,0,1
311200,0,0,0,0,0
311100,1,0,0,0,0
311000,0,0,0,0,2
310900,1,1,1,0,0
310800,2,3,1,0,1
310703,0,0,1,0,6
310702,1,0,1,0,11
310701,0,0,0,0,5
310600,0,0,0,0,0
310500,0,0,4,0,3
310400,1,0,0,0,1
310300,0,0,0,0,0
310200,0,0,0,0,0
310100,2,0,2,0,16
297600,1,0,0,0,5
297500,0,0,0,0,0
297400,0,1,1,0,3
297300,0,0,1,0,0
297200,0,0,4,0,3
297120,0,1,5,0,0
297110,2,0,6,2,11
297000,0,1,0,0,0
296900,1,1,2,0,16
296600,0,0,0,0,14
296500,0,1,1,0,5
296400,1,0,0,4,2
296300,1,4,10,0,16
296220,1,0,4,3,11
296210,0,0,0,0,9
296100,0,0,0,0,0
295101,0,1,0,0,6
294900,0,0,0,0,2
294830,6,6,3,3,29
294820,6,3,16,8,26
294810,2,3,7,0,7
294700,6,11,28,0,26
294620,0,0,0,0,0
294610,0,1,1,0,7
294520,0,0,0,0,0
294510,0,0,2,0,1
294420,0,1,0,21,2
294410,1,2,4,1,8
294300,2,0,0,1,14
294200,1,1,2,0,11
294120,0,2,15,1,0
294110,1,3,6,0,0
293305,0,0,0,0,4
293304,0,0,0,0,3
293302,0,1,1,0,0
293301,0,0,0,0,0
293202,1,1,2,0,0
293201,0,0,1,0,0
292000,0,2,7,0,0
291300,3,15,25,0,12
291220,1,3,6,0,0
291210,0,1,4,0,1
291130,1,0,0,0,0
291120,1,0,0,0,1
291110,3,0,0,0,2
278100,0,1,2,0,1
278000,1,2,4,0,24
277400,0,2,34,1,9
277200,0,0,4,0,1
277100,0,0,0,0,0
277000,0,0,3,0,1
276602,1,1,3,0,1
276601,0,1,0,1,1
276500,0,0,7,0,0
276400,0,3,2,0,0
276100,4,3,3,0,0
276000,0,0,0,0,0
275601,2,1,7,0,0
275520,0,0,0,0,0
275510,5,7,12,0,2
275400,0,6,4,0,1
275311,3,10,22,0,0
275302,3,4,4,4,10
275200,1,3,1,0,0
275100,2,4,3,0,1
274200,0,3,1,1,11
274100,0,2,4,0,8
273900,2,1,1,0,10
273800,7,14,17,3,25
273700,0,0,1,0,4
273600,5,0,0,0,24
273500,13,8,1,7,152
273400,9,11,7,33,134
273300,6,14,11,6,32
273200,9,19,5,10,45
273100,0,2,5,0,3
272302,0,2,0,0,2
272301,0,0,3,0,2
272200,15,6,13,0,12
272100,0,5,0,0,0
271900,2,9,0,0,5
271802,1,0,0,0,6
271801,0,2,1,1,1
271702,1,1,4,0,1
271701,0,1,0,0,3
271600,2,1,0,0,7
271500,0,0,0,0,0
271400,2,6,2,0,0
271300,2,2,0,0,4
271200,1,0,8,0,7
271100,0,1,0,0,2
270300,1,2,2,0,10
270200,0,0,6,0,3
270100,0,3,9,0,9
269902,0,0,0,0,6
269901,2,2,7,0,6
269800,4,2,12,1,5
269700,1,0,6,1,2
269600,1,0,0,0,7
269500,0,0,0,0,0
269300,0,0,0,0,4
269100,2,0,1,0,5
269000,1,0,1,0,0
267900,0,0,0,0,2
267800,0,0,0,0,5
267700,2,1,2,0,13
267600,2,0,4,0,9
267502,0,0,2,0,12
267501,0,2,0,0,6
267402,0,0,0,0,6
267401,0,0,0,0,4
267300,1,5,1,1,29
267200,0,0,0,0,7
267100,5,0,0,0,4
265700,0,0,2,0,3
265600,0,0,0,0,1
265520,2,3,1,0,17
265510,0,0,0,0,8
265420,0,0,0,0,0
265410,0,1,0,0,10
265305,0,0,0,0,5
265304,0,0,0,0,0
265303,0,0,0,0,0
265301,1,1,0,1,27
265200,0,1,0,0,0
265100,0,0,0,0,0
264302,1,2,2,0,5
264301,0,0,0,0,17
264101,0,1,6,0,4
264000,0,0,0,0,0
262800,0,0,0,0,20
262702,1,0,0,9,15
262701,2,0,2,0,14
262602,0,1,0,0,18
262601,0,0,1,0,0
262500,0,0,0,0,3
262400,0,0,0,0,0
262303,0,0,0,0,0
262302,0,0,0,0,0
262301,0,0,0,0,0
262200,0,0,0,0,0
262100,0,0,0,0,0
261102,0,0,0,0,0
243100,5,0,2,0,45
243000,0,1,1,0,11
242700,2,0,1,0,9
242600,2,0,2,0,28
242300,0,0,6,0,4
242200,2,1,1,0,9
242100,0,1,2,0,22
242000,1,1,5,0,5
241400,0,0,13,3,8
241300,0,2,4,0,47
241200,2,1,12,3,20
241120,5,0,2,0,2
241110,0,0,2,0,1
241000,1,1,6,2,6
240900,1,0,5,2,9
240800,2,3,1,1,5
240700,1,1,11,0,7
240600,2,1,3,0,14
240500,0,0,4,0,3
240400,2,1,7,2,31
240300,3,3,1,0,45
240200,2,0,2,0,38
240020,6,0,5,2,9
240010,1,1,7,0,89
239800,5,2,4,0,15
239700,0,2,1,0,2
239600,1,0,0,0,5
239500,5,3,5,0,15
239330,0,11,0,17,66
239320,0,0,0,0,0
239310,1,0,5,0,7
239200,0,2,2,0,14
238400,2,0,0,0,6
238320,0,3,5,8,33
238310,3,0,3,0,4
238200,0,0,3,0,0
238100,0,0,6,0,4
238000,0,1,2,0,1
237900,0,0,14,0,1
237800,0,0,14,0,3
237720,1,0,0,0,2
237710,9,6,13,0,30
237600,0,0,0,0,0
237500,0,0,0,0,0
237400,0,2,8,0,3
237300,0,2,2,0,10
237200,0,1,2,0,1
237100,0,0,3,0,3
236400,0,0,0,0,0
236202,2,2,0,0,17
236201,1,1,0,0,1
236100,0,0,0,0,1
236000,0,0,1,0,1
235202,0,1,1,0,5
235201,1,0,1,0,3
235100,0,0,0,0,5
234900,0,1,1,0,1
234800,2,5,9,0,0
234700,4,1,0,1,13
234600,0,3,1,0,14
234500,0,0,0,0,0
234300,0,0,1,1,28
234200,1,2,1,0,5
234000,0,3,0,0,1
232800,0,6,7,0,10
232700,0,2,2,0,11
232600,0,1,0,0,5
232500,0,2,0,3,0
232400,0,0,0,0,1
232300,0,3,2,0,3
232200,0,0,1,0,13
232120,2,5,5,0,5
232110,3,2,4,0,16
231900,0,8,7,0,9
231800,0,2,6,0,24
231720,1,0,3,0,7
231710,0,0,0,1,11
231600,5,2,5,0,37
231500,2,2,0,0,13
231400,0,2,4,0,5
231300,0,1,0,1,0
231220,4,3,2,0,28
231210,1,2,2,0,4
231100,2,0,3,0,15
229420,1,0,0,0,4
229410,1,2,0,4,1
229300,3,4,2,1,15
229200,0,0,1,0,0
229100,0,0,2,0,2
228900,9,10,0,0,18
228800,4,0,8,0,15
228720,0,2,2,0,0
228710,0,1,2,0,4
228600,0,0,2,1,5
228500,0,0,0,0,18
228420,0,2,0,1,2
228410,0,0,0,0,2
228320,0,0,0,1,1
228310,1,4,2,0,1
228220,0,0,1,0,3
228210,0,0,0,0,0
228100,7,1,4,1,13
227020,0,0,0,0,1
227010,2,3,5,0,1
226700,2,4,1,2,4
226420,0,0,0,0,11
226410,0,0,0,0,0
226000,2,12,12,46,175
224700,0,1,0,0,5
224600,1,0,4,6,26
224420,0,0,0,0,3
224410,0,0,0,0,0
224310,0,0,0,0,4
224020,3,0,0,0,16
224010,0,1,0,12,60
222700,0,0,0,0,1
222600,0,5,0,0,8
222500,0,1,4,0,6
222200,0,0,0,0,2
222100,0,0,0,0,2
222000,0,0,0,0,3
221900,0,3,3,0,0
221820,0,0,3,0,3
221810,0,0,3,1,2
221710,1,1,11,1,5
221600,1,2,3,1,2
221500,0,0,1,0,0
221400,0,1,6,0,11
221302,0,3,2,0,13
221301,0,1,0,0,2
221210,0,2,0,0,2
221110,0,0,0,0,8
220100,10,12,8,10,27
220000,0,3,8,0,4
219900,0,1,0,0,6
219800,1,0,3,0,0
219700,8,5,3,6,10
219500,0,1,1,0,0
219300,23,3,3,0,26
219020,0,0,3,0,4
219010,1,0,3,0,2
218900,1,0,1,0,0
218800,2,13,4,0,5
218700,1,3,0,0,12
218600,1,2,4,0,4
218500,1,0,3,0,2
218400,0,4,0,0,5
218300,0,1,15,0,4
218220,0,0,4,2,6
218210,0,0,0,0,1
218120,18,9,2,0,2
218110,1,1,0,0,3
217200,1,0,2,0,5
217100,0,0,0,1,0
217000,4,1,4,0,14
216900,0,2,2,0,1
216800,0,0,0,0,0
216400,0,0,0,0,4
216300,0,0,0,0,9
216200,0,1,4,0,16
216100,0,0,0,0,0
215100,0,0,0,0,15
214900,0,0,0,0,4
214800,0,0,0,0,4
214700,0,0,0,0,6
214600,0,0,0,0,17
214500,0,0,0,0,17
214400,1,0,0,0,1
214100,0,0,0,0,0
214000,0,0,0,0,6
213402,1,1,2,0,16
213401,0,2,2,0,3
213202,0,1,2,0,0
213201,0,0,0,1,2
213100,6,0,0,1,4
212900,0,0,0,0,0
212800,0,2,4,0,3
212700,0,0,2,0,5
212620,0,0,0,0,2
212610,0,0,0,0,4
212500,0,0,0,1,8
212420,3,0,1,0,3
212410,0,0,0,0,0
212306,0,0,0,0,1
212305,0,0,0,0,0
212304,0,0,0,0,7
212303,0,2,0,0,12
212204,2,1,1,0,16
212203,2,0,0,0,3
212202,1,2,0,0,2
212100,0,0,0,0,1
211920,1,0,1,2,0
211910,1,2,0,0,1
211802,3,2,2,0,8
211801,0,6,0,0,11
211702,0,0,0,0,17
211701,2,0,0,0,3
211420,0,0,0,0,1
211410,0,0,0,0,0
211320,2,1,0,0,4
211310,0,3,0,0,1
211200,0,0,0,0,4
211120,1,1,1,0,18
211110,2,8,2,1,20
210010,0,0,0,0,23
209810,0,2,1,0,4
209520,4,1,3,3,5
209510,0,0,0,0,0
209403,1,2,1,4,5
209402,0,0,0,0,16
209401,0,0,0,0,5
209300,1,7,2,0,10
209200,0,2,0,23,9
209102,5,5,1,0,17
209101,3,3,1,0,4
208904,0,0,1,0,1
208903,0,0,0,0,15
208902,0,2,0,0,6
208800,3,5,1,0,93
208720,4,2,2,0,16
208710,0,1,0,8,3
208620,0,1,0,0,5
208610,0,2,6,1,3
208500,0,1,1,0,3
208400,0,5,0,0,8
208300,1,8,2,0,2
208000,0,2,2,0,7
207900,1,2,0,6,68
207710,0,0,0,17,97
207500,0,0,0,4,77
207400,0,1,0,45,215
207300,0,1,0,5,196
207100,0,0,0,46,75
206300,4,2,2,84,518
206200,0,0,0,133,281
206050,0,0,0,6,9
206040,1,7,5,2,2
206030,2,0,1,4,6
206010,0,0,6,0,4
205120,2,4,3,2,18
205110,0,1,0,0,2
204920,1,4,7,0,4
204910,0,1,1,0,0
204820,1,3,1,1,1
204810,0,0,0,0,3
204700,0,2,2,0,1
204600,4,6,2,0,10
204420,2,2,2,0,7
204410,1,2,0,0,2
204300,0,0,0,0,3
204200,0,0,0,0,3
204120,1,3,5,0,3
204110,0,0,1,0,0
203900,0,4,3,0,3
203800,0,0,2,0,5
203720,0,0,0,0,4
203710,0,0,0,0,0
203600,0,0,0,0,7
203500,1,7,2,1,8
203300,0,0,0,0,5
203200,0,0,1,0,8
203100,1,4,7,0,1
201700,0,1,0,0,0
201600,6,1,7,0,1
201504,0,0,0,0,0
201503,2,1,0,0,5
201501,0,0,0,0,0
201402,0,0,2,0,1
201401,1,0,1,0,0
201302,0,0,2,0,0
201301,0,0,2,0,2
201200,1,3,4,0,5
201120,0,0,4,0,1
201110,0,0,2,0,0
199900,0,2,0,0,4
199800,0,1,0,12,15
199700,14,14,9,2,42
199400,0,0,0,3,3
199300,0,0,1,11,0
199202,0,2,0,0,1
199201,0,1,2,0,6
199120,3,0,0,0,1
199110,2,1,13,0,1
199000,2,2,1,0,8
197700,0,0,2,0,1
197600,0,2,1,1,9
197500,1,2,1,0,11
197420,0,1,0,2,2
197410,0,0,1,0,0
197300,0,0,0,0,8
197200,0,1,1,0,1
197110,0,0,0,0,0
195900,0,0,1,0,3
195802,0,3,1,5,2
195801,0,0,1,0,2
195720,1,0,0,5,3
195710,2,2,0,12,4
195600,0,6,4,0,12
195500,0,0,0,0,0
195400,0,0,0,0,10
195300,3,1,2,0,8
195200,0,0,1,0,0
195100,0,0,0,0,0
194500,0,0,1,0,27
194400,0,0,0,0,6
194300,0,0,0,0,0
194100,2,0,0,0,7
192700,1,4,5,10,29
192620,0,0,0,0,9
192520,0,0,0,0,0
192510,1,0,1,0,3
192420,0,0,0,0,6
192410,0,0,0,0,0
192300,1,2,0,0,3
192000,0,0,0,2,14
191900,1,4,14,0,39
191820,3,3,6,0,5
191810,4,7,0,8,9
191720,1,1,0,0,3
191710,3,0,2,0,3
191620,0,3,0,1,0
191610,5,1,0,4,11
191500,0,4,0,0,26
191420,0,3,0,0,9
191410,2,5,1,0,11
191300,1,2,0,0,14
191204,0,0,0,0,2
191203,0,0,1,1,10
191201,0,0,0,0,21
191120,2,0,1,0,6
191110,2,2,0,0,8
191000,2,0,1,5,44
190902,2,3,2,0,6
190901,8,1,1,1,14
190800,23,2,7,4,60
190700,5,0,2,0,57
190520,3,1,0,1,4
190510,1,2,0,0,9
190400,2,4,0,0,6
190301,0,1,1,2,27
190200,1,0,0,0,41
190100,4,2,2,0,44
189902,0,0,0,0,16
189901,5,1,1,0,22
189800,0,0,0,0,7
189702,0,0,0,3,5
189701,0,0,0,10,0
189600,0,0,0,0,1
189500,1,0,0,0,3
189400,0,0,0,0,0
189300,0,1,0,0,1
189200,0,2,0,0,8
189100,0,2,0,0,15
188300,0,0,0,1,4
188200,0,0,0,0,7
188100,0,0,0,0,2
187300,1,0,5,1,5
187200,0,0,1,0,0
187100,1,1,0,1,5
186402,3,7,7,0,7
186401,1,3,4,0,1
186300,0,0,1,0,0
186200,0,0,0,0,0
186100,0,0,0,0,0
185320,2,2,8,5,11
185310,0,0,1,0,0
185202,0,1,1,0,1
185201,1,0,5,0,0
185100,0,3,4,0,4
183820,0,0,0,1,1
183810,0,0,0,0,0
183700,0,0,3,0,0
183620,1,1,1,0,2
183610,0,0,0,1,2
183520,0,0,0,0,0
183510,1,0,0,0,0
183400,0,0,1,0,1
183300,0,0,0,0,0
183220,0,1,3,0,0
183210,0,0,0,0,0
183102,0,3,5,0,4
183101,0,0,4,0,4
181600,0,0,3,0,0
181500,0,3,3,0,2
181400,9,5,4,0,6
181300,0,2,2,0,0
181000,0,1,5,0,6
143902,0,0,0,0,0
143901,0,0,0,0,5
143800,0,0,0,0,3
143700,2,2,4,1,5
143602,0,0,1,0,0
143601,4,2,5,0,7
143500,0,1,1,0,1
143400,0,0,0,0,1
143300,0,0,0,0,0
143200,2,0,0,0,1
143100,0,0,0,0,1
141700,0,0,0,0,0
141600,0,0,0,0,0
141302,0,0,0,0,4
141301,0,0,0,0,4
141200,3,2,0,0,20
141100,0,0,0,0,1
139802,0,0,0,0,0
139801,0,0,0,2,0
139703,0,0,0,0,1
139701,0,0,0,0,0
139502,0,0,0,0,2
139400,1,1,0,0,10
139303,0,4,4,0,4
139302,0,2,2,0,1
139301,0,0,0,0,5
138000,0,0,0,0,0
137504,0,0,0,0,0
137502,0,0,2,0,2
137501,0,0,0,0,5
137402,0,0,1,0,1
137401,0,1,0,0,1
137302,0,1,5,0,3
137301,3,2,3,0,3
137201,0,1,2,0,5
137102,3,2,2,0,7
137000,3,6,3,0,12
135112,0,1,4,0,1
135111,1,0,3,0,2
134902,1,0,5,0,11
134901,0,1,0,0,2
134800,0,0,2,0,0
134720,0,0,2,0,0
134710,0,0,3,0,1
134520,0,0,8,0,3
134510,0,11,0,0,0
134306,0,0,0,0,0
134305,1,0,1,0,3
134304,0,0,0,0,2
134303,1,1,6,0,7
134201,0,0,7,0,0
134104,0,0,0,0,7
134103,0,0,1,0,0
134101,0,0,0,0,0
134000,0,1,3,0,4
133100,0,0,6,0,4
132900,0,1,3,0,2
132700,3,0,0,1,7
132000,3,1,2,0,1
131600,0,0,2,0,0
131200,4,0,0,0,0
128910,0,0,0,0,0
128800,0,0,0,0,0
128702,3,1,0,2,10
128500,1,1,2,0,3
128400,0,0,1,1,0
128303,0,0,2,0,5
128302,0,0,3,0,2
128210,3,0,1,0,14
127920,0,0,0,0,0
127910,7,3,12,0,7
127802,0,0,0,0,12
127801,0,0,0,0,7
127710,0,1,1,1,9
127602,0,0,1,0,0
127520,1,1,1,0,5
127300,5,1,2,0,9
127220,1,1,0,0,5
127210,3,0,3,0,3
127102,0,0,0,0,3
127101,2,1,4,0,0
125500,0,0,0,0,2
125400,0,0,1,0,5
125320,7,5,2,0,8
125310,2,2,3,0,5
125200,9,9,4,1,19
124901,0,0,2,0,5
124700,0,0,0,0,0
124600,0,0,1,0,3
124500,0,0,3,0,1
124400,0,0,1,0,0
124300,3,0,5,0,2
124202,0,0,0,0,0
124201,0,1,4,0,1
124102,0,0,1,0,0
124101,0,0,7,0,2
123900,1,1,1,0,2
123410,0,0,0,0,1
123304,8,4,0,0,6
123303,1,1,1,0,1
123301,1,0,1,0,6
123206,5,6,0,0,0
123205,4,4,8,0,4
123204,0,0,2,0,1
123203,0,0,3,0,3
123104,2,0,1,0,4
123103,0,0,3,0,3
123020,0,6,4,0,1
123010,2,2,4,0,4
122420,1,1,6,0,6
122410,0,0,3,0,2
122200,4,0,0,1,19
122120,0,5,3,0,0
122110,0,0,3,0,29
122000,1,1,10,0,3
121900,0,0,2,0,3
121800,4,6,7,1,3
121600,0,0,2,0,0
121220,4,0,6,0,7
121210,0,1,3,0,1
121100,0,0,3,2,14
121020,0,0,1,0,2
121010,0,1,3,0,6
120400,0,0,1,1,2
120300,0,0,0,0,0
120102,1,0,0,0,1
120101,1,1,5,0,9
120030,4,4,2,2,14
120020,0,0,2,0,3
120010,0,0,4,0,8
119900,0,1,3,0,12
119800,0,0,2,0,2
119700,0,4,13,8,76
119400,0,0,0,0,5
119340,1,0,1,0,3
119330,0,1,2,0,0
119320,0,1,0,0,2
119310,0,0,0,0,2
119200,0,0,1,1,3
119100,0,0,0,0,1
119000,0,2,0,1,11
117530,0,1,0,0,0
117520,1,2,0,0,6
117510,0,6,0,0,4
117406,3,0,0,0,1
117405,0,0,0,0,2
117404,0,0,0,0,2
117303,1,1,2,0,4
117302,0,0,2,0,0
117301,0,0,0,0,0
117200,2,0,0,0,5
117100,0,0,1,0,0
115402,1,0,10,5,4
115401,0,1,2,0,1
115302,3,3,6,0,2
115301,0,0,0,0,1
115202,3,0,0,0,30
115201,0,1,1,0,0
115102,0,0,0,0,0
115101,0,0,0,0,0
113422,0,0,0,0,2
113421,3,0,6,0,1
113401,2,0,2,0,3
113322,0,0,0,0,3
113321,1,0,0,0,2
113303,0,3,7,0,4
113301,1,0,0,0,1
113234,0,1,3,0,14
113233,0,0,3,0,0
113213,0,0,0,0,0
113212,0,0,1,0,3
113211,0,1,0,0,0
113202,2,1,12,0,2
113100,0,1,3,0,0
111400,0,0,0,0,1
111302,0,0,0,0,0
111204,0,0,0,0,0
111203,0,0,0,0,2
109800,0,0,0,0,0
108200,1,2,2,0,1
108102,0,0,7,2,5
107020,0,0,2,1,5
107010,1,0,0,0,1
106642,0,0,0,0,0
106605,1,0,8,0,3
106604,1,1,5,0,2
106520,0,0,0,0,2
106510,0,0,0,0,1
106404,0,1,5,0,8
106403,1,0,0,0,3
106402,4,1,2,0,4
106114,0,1,3,4,13
106113,4,2,1,0,8
106112,0,0,12,0,10
106111,3,0,1,0,3
106020,3,0,14,4,37
106010,0,1,3,1,4
104820,0,0,0,0,0
104810,0,0,4,0,1
104702,3,3,10,0,3
104701,0,3,1,0,0
104620,0,1,0,0,1
104610,0,2,5,0,6
104500,1,4,1,0,8
104402,1,4,4,0,19
104401,0,1,3,0,3
104320,0,0,4,0,0
104310,0,0,0,0,2
104202,2,1,2,0,11
104201,1,1,2,0,5
104106,1,2,1,2,2
104105,1,0,0,0,3
104104,5,0,1,0,20
104103,0,0,0,0,2
103400,1,0,3,0,30
103300,1,0,0,0,8
103200,9,0,12,0,31
103102,0,0,0,0,1
103101,1,0,0,0,2
102102,0,0,1,0,1
102101,0,0,0,0,0
101400,0,0,1,0,2
101300,7,0,0,0,29
101220,2,0,5,1,13
101210,0,0,2,1,6
101120,0,0,0,0,0
101110,0,0,0,0,0
